main_addr,addr_title
黑龙江省七台河市桃山区,万宝小区
福建省三明市大田县,富山新村三路
福建省三明市大田县富山新村一路三巷,大田县
福建省三明市大田县,均溪镇
福建省三明市尤溪县,西城镇
上海市上海市黄浦区,小杨生煎(南京东路店)
上海市上海市黄浦区,黄浦区
上海市上海市嘉定区,溪岸澜庭
上海市上海市嘉定区德园路,德园路1259弄
上海市上海市嘉定区安亭墨玉路,嘉定区
上海市上海市宝山区聚丰园路,聚丰园路188弄
上海市上海市宝山区潘泾路,潘泾路4655号
上海市上海市宝山区,罗泾镇社区
上海市上海市宝山区,旭辉城
上海市上海市宝山区潘沪路,潘沪路69弄
上海市上海市宝山区罗宁路,罗宁路3030号
上海市上海市宝山区陈川路,陈川路168
上海市上海市宝山区陈川路,陈川路555号
上海市上海市宝山区陈川路,陈川路555弄
上海市上海市宝山区陈镇路,上海市宝山区罗泾镇委员会
上海市上海市徐汇区,东安一村
上海市上海市普陀区,SFC上影国际影城
上海市上海市杨浦区,上海国际时尚中心
上海市上海市杨浦区,小南国花园酒店
上海市上海市普陀区,普陀区
上海市上海市普陀区,长风大悦城
上海市上海市静安区天目西路,天目西路
上海市上海市长宁区,饿了么公司
上海市上海市松江区龙腾路,龙腾路1015弄
上海市上海市松江区文诚路,文诚路358
上海市上海市松江区文诚路,文诚路358弄
上海市上海市松江区新北街,新北街330号
上海市上海市松江区文汇路,文汇路1002号
上海市上海市松江区滨湖路,滨湖路585弄
上海市上海市浦东新区新川路,新川路386号
上海市上海市浦东新区香楠路,香楠路276弄
上海市上海市浦东新区众安路,众安路879弄
上海市上海市浦东新区,上海市浦东新区张江广兰路248弄13号101室
上海市上海市浦东新区广兰路,广兰路56
上海市上海市浦东新区香楠路,上海市浦东新区张江镇政府
上海市上海市浦东新区香楠路,香楠路200号
上海市上海市浦东新区广兰路,广兰路236号
上海市上海市浦东新区广兰路,广兰路248号
上海市上海市浦东新区青桐路,上海市浦东新区张江镇政府
上海市上海市浦东新区楠路,上海市浦东新区张江镇政府
上海市上海市浦东新区,香楠新村
上海市上海市浦东新区,香楠路39弄18幢33号
上海市上海市浦东新区香楠路,香楠路248
上海市上海市浦东新区香楠路,香楠路39号
上海市上海市浦东新区香楠路,香楠路65弄7幢
上海市上海市浦东新区,浦东新区
上海市上海市黄浦区紫薇路,德芙
上海市上海市浦东新区紫薇路,紫薇路
上海市上海市浦东新区紫薇路,紫薇路600
上海市上海市浦东新区青桐路,青桐路18号
上海市上海市浦东新区青桐路,上浦路36弄32号
上海市上海市浦东新区青桐路,泰西塑料
上海市上海市浦东新区青桐路,青桐路
上海市上海市浦东新区香楠路,香楠路
上海市上海市浦东新区香楠路,云龙(东方店)
上海市上海市浦东新区香楠路,香楠路社区卫生服务站
上海市上海市浦东新区香楠路,D-476
上海市上海市浦东新区新园路,高东镇商业街
上海市上海市闵行区,虹梅南路与虹梅南路3509弄交叉口
上海市上海市闵行区华宁路,华宁路251号
上海市上海市闵行区,闵行区
上海市上海市闵行区,永康城永锦苑
上海市上海市闵行区,永康城锦宏苑
上海市上海市闵行区,永康城馨宁佳苑
上海市上海市闵行区永跃路,永跃路781
上海市上海市闵行区永颂路,永颂路201
上海市上海市闵行区永高路,永高路
上海市上海市闵行区永跃路,永跃路
上海市上海市静安区,大奥数码城
上海市上海市静安区天目西路,a·su
上海市上海市静安区天目西路,松饼先生
上海市上海市静安区天目西路,小林手机店
上海市上海市静安区天目西路,天目西路547号
上海市上海市静安区天目西路,上海市虹口区社区学院
上海市上海市静安区民立路,民立路289
上海市上海市静安区长安西路,长安路与天目西路交叉口
上海市上海市静安区民立路,民立路547号
上海市上海市静安区天目西路,卡卡
上海市上海市静安区,大奥通讯商城
上海市上海市静安区天目西路,好好先生
上海市上海市静安区天目西路,联合售票大楼管理处-工程部
上海市上海市静安区天目西路,天目西路547-4号
上海市上海市静安区天目西路,联通国际大厦C座
上海市上海市静安区光复路,静安区
上海市上海市静安区光复路,光复路1229
上海市上海市静安区光复路,光复路1445
上海市上海市静安区,天语手机专卖
上海市上海市静安区,千机团(大奥通讯城店)
上海市上海市静安区天目西路街道,天目西路街道
上海市上海市静安区裕通路,裕通路66
上海市上海市静安区毛家弄,倩倩拔罐瘦身工作室
上海市上海市静安区毛家弄,毛家弄
上海市上海市静安区毛家弄,情人相约花艺
上海市上海市静安区毛家弄,全昌福
上海市上海市静安区毛家弄,中亚会所
上海市上海市静安区,静安区
上海市上海市静安区,上海龙潭工业园区
上海市上海市静安区,联通国际大厦
上海市上海市静安区,杰通通讯
上海市上海市静安区裕通路,裕通路88
上海市上海市静安区,长安路与天目西路交叉口
上海市上海市静安区会文路,会文路
上海市上海市静安区会文路,水果果汁果切
上海市上海市静安区天目西路,快递
上海市上海市静安区民立路,民立路
上海市上海市静安区民立路,亮亮数码
上海市上海市静安区裕通路,裕通路32
上海市上海市静安区裕通路,裕通路62
上海市上海市静安区裕通路,裕通路82
上海市上海市静安区天目西路街道,华晨通讯
上海市上海市静安区光复路,陕西小吃
上海市上海市静安区天目西路,入川火锅
上海市上海市静安区,中房华东大厦
上海市上海市静安区裕通路,裕通路
上海市上海市静安区恒通路,恒通路
上海市上海市静安区民立路,民立路289弄4号
上海市上海市静安区蒙古路,维罗拉咖啡厅
上海市上海市静安区顺德路,莆田餐厅(大悦城店)
上海市上海市静安区,上海新建配件二店
上海市上海市静安区,吴江幼儿园
上海市上海市静安区天目西路,老汤烧烤
上海市上海市静安区天目西路,大奥数码城
上海市上海市静安区天目西路,卡尔沙龙(太古汇欧洲小镇风格店)
上海市上海市静安区天目西路,天目西路569号
上海市上海市静安区天目西路,吉泰连锁酒店(上海火车站南广场店)
上海市上海市静安区天目西路,天目西路588号
上海市上海市静安区天目西路,三叶眼镜城(秣陵路店)
上海市上海市静安区天目西路,明德面店
上海市上海市静安区天目西路,天目西路597号
上海市上海市静安区天目西路,美乐利夫
上海市上海市静安区天目西路,善友文化用品商店
上海市上海市静安区光复路,光复路1249
上海市上海市静安区光复路,光复路1333
上海市上海市静安区光复路,光复路1335
上海市上海市静安区光复路,光复路1441
上海市上海市静安区光复路,光复路1447
上海市上海市静安区光复路,光复路877号
上海市上海市静安区,共和新路111弄8号
上海市上海市静安区天目西路街道,大奥数码城
上海市上海市静安区天目西路,天目西路街道
上海市上海市静安区,大奥之楼
上海市上海市静安区长安路,长安路
上海市上海市静安区恒丰路,恒丰路800
上海市上海市静安区恒通路,恒通路318号
上海市上海市静安区新丰路,新丰路
上海市上海市静安区毛家弄,大奥数码城
上海市上海市静安区毛家弄,长城花园
上海市上海市静安区,毛家弄
上海市上海市宝山区毛家弄路,如意小吃
上海市上海市静安区毛家弄路,静安区中医医院
上海市上海市静安区毛家弄路,毛家弄与普善路交叉口
上海市上海市静安区汉中路,大奥数码城
上海市上海市静安区汉中路,漫猫咖啡(武定路店)
上海市上海市静安区汉中路,汉中路8号
上海市上海市静安区汉中路,上海市旅游培训中心
上海市上海市静安区昌平路,昌平路
上海市上海市静安区昌平路,昌平路969
上海市上海市静安区昌平路,昌平路383
上海市上海市静安区,南区老大房
上海市上海市静安区长安路,江南足浴
上海市上海市静安区长安路,复交宾馆
上海市上海市静安区裕通路,裕通路76
上海市上海市静安区光复路,光复路
上海市上海市静安区裕通路,裕通路22
上海市上海市静安区裕通路,裕通路35号
上海市上海市静安区裕通路,裕通路55号
上海市上海市静安区裕通路,裕通路65号
上海市上海市黄浦区龙湖虹桥天街,黄浦区
江西省上饶市信州区,上饶市人民医院
江西省上饶市婺源县,龙山村
江西省上饶市鄱阳县,游城乡
江西省上饶市鄱阳县,游城初中
广东省东莞市东宝路,东莞市东城区主山大井头股份经济合作社
广东省东莞市,东城主山大井头东宝路白木岭宿舍
广东省东莞市银门街,东城街道
广东省东莞市,仙人岭北区28号楼
广东省东莞市,中国移动(裕祥大井头指定专营店)
广东省东莞市大塘头兴塘街,主山社区卫生站
广东省东莞市,家和苑
广东省东莞市翠蓉路,东城主山管理区大塘头治安队
广东省东莞市,小塘坣
广东省东莞市,汇众中心B栋
广东省东莞市,华能楼
广东省东莞市,探鱼(东莞东城万达店)
广东省东莞市,汇众中心
广东省东莞市莞温路,主山村
广东省东莞市,主山假日
广东省东莞市,主山假日公寓
广东省东莞市东正街,东城街道
广东省东莞市平岗街,东城街道
广东省东莞市莞温路,东城街道
广东省东莞市,东莞市东城区主山大井头股份经济合作社
广东省东莞市,海陆通公司
广东省东莞市振兴路,东莞市东城区主山大井头股份经济合作社
广东省东莞市直街,东城街道
广东省东莞市主山大井头新村直街,东城街道
广东省东莞市朱园路,东莞市东城区主山大井头股份经济合作社
广东省东莞市井头路,东城街道
广东省东莞市,聚富商业中心
广东省东莞市,金源花园
广东省东莞市振兴路,富港1号海鲜城
广东省东莞市,东城第三小学
广东省东莞市,东城街道
广东省东莞市,主山村商业步行街
广东省东莞市,狗头村
广东省东莞市平岗街,主山村
广东省东莞市振兴路,大井头村
广东省东莞市振兴路,柴火人家(大井头店)
广东省东莞市环街,东城街道
广东省东莞市朱园路,主山村
广东省东莞市大井头路,佳华商行(松龙街)
广东省东莞市,主山村
广东省东莞市,洋富创富中心
广东省东莞市,中国电信-全网通手机卖场
广东省东莞市,微茶稻香(樟村店)
广东省东莞市大塘头兴塘街,主山村
广东省东莞市,主山综合批发市场
广东省东莞市,主山社区卫生站
广东省东莞市,深圳市金鼎安全技术有限公司(办事处)
广东省东莞市大井头步行街,主山村
广东省东莞市,大井头村
广东省东莞市,大井头农贸市场
广东省东莞市大井头新村直街,东城街道
广东省东莞市大井头步行街,东城街道
广东省东莞市,大井头综合市场
广东省东莞市,大井头综合楼
广东省东莞市,大井头路与振兴路交叉口
广东省东莞市大塘头松毛岭南区中心街,东城街道
广东省东莞市头路,东城街道
广东省东莞市振兴路,海陆通通讯
广东省东莞市,海陆通通讯
广东省东莞市,汇众中心D栋
广东省东莞市,金汇工业园
广东省东莞市,东莞市星期六电子科技有限公司
广东省东莞市,东莞市邮政局凤岗分局
广东省东莞市怡安中路,雅怡居
广东省东莞市祥新东路,壹加壹便利店(镇田中路店)
广东省东莞市,金天达华庭
广东省东莞市,怡丰·阳光大厦
广东省东莞市东莞市银丰路,东莞市
广东省东莞市,家乐福(宏伟店)
广东省东莞市富民中路,盈丰大厦
广东省东莞市,常平镇
广东省东莞市,桥头镇
广东省东莞市,和平饭店
广东省东莞市A座,太平广场花园A座-东南门
广东省中山市,新惠城百货(白石分店)
广东省中山市大信南路,中山大信假日酒店
广东省中山市恒洋四街一巷,南区街道
广东省中山市恒洋一街6巷,恒美社区警务室
广东省中山市,中山市城南汽车客运站
广东省中山市,恒美社区警务室
广东省中山市,东城四季
广东省中山市同庆街,坦洲镇
广东省中山市同庆街,达美天花装饰
广东省中山市,康美来健康药房(同胜店)
广东省中山市,如馨精品公寓
广东省中山市,海伦印象
广东省中山市潭隆路,维帝客服务式公寓(东城四季店)
广东省中山市谭隆南路,如馨精品公寓
广东省中山市谭隆南路,维帝客服务式公寓(东城四季店)
广东省中山市,精品公寓
广东省中山市,国亨酒店(南坦路店)
广东省中山市,维帝客服务式公寓(东城四季店)
山西省临汾市尧都区解放路,解放路38号
山西省临汾市尧都区,vivo
山西省临汾市尧都区,莱茵半岛
山西省临汾市尧都区,金苹果通讯
浙江省丽水市景宁畲族自治县人民中路,人民中路77号
浙江省丽水市莲都区,纳爱斯绿谷庄园
浙江省丽水市莲都区,食全食美涮涮锅(囿山路总店)
内蒙古自治区乌兰察布市凉城县,凉城县蛮汉镇政府
广东省云浮市云安区,六合村
广东省云浮市郁南县,到角塘
安徽省亳州市涡阳县,花沟镇
广东省佛山市南海区,保利水城
广东省佛山市南海区广佛一路,广佛一路98号
广东省佛山市南海区海三路,海三路17号
广东省佛山市南海区,泌冲
广东省佛山市南海区二街,中海锦城
广东省佛山市南海区二街,佛山中旅桂城门市部
广东省佛山市南海区海八东路,海八东路1号
广东省佛山市南海区,风度国际名苑
广东省佛山市南海区,大沥镇
广东省佛山市南海区,吉祥公寓
广东省佛山市南海区,鑫庭酒店
广东省佛山市南海区,嘉洲广场
广东省佛山市南海区,大沥镇图书馆
广东省佛山市南海区,怡兴花园
广东省佛山市南海区,牡丹路
广东省佛山市南海区,美团专送
广东省佛山市南海区,大沥镇黄岐影剧院
广东省佛山市南海区,黄岐
广东省佛山市南海区怡兴大道南,怡兴大道南20号
广东省佛山市南海区,怡兴大道南
广东省佛山市南海区,园润四季大厦
广东省佛山市南海区,美团外卖
广东省佛山市南海区,牡丹路与怡兴大道南交叉口
广东省佛山市南海区,黄岐商业中心
广东省佛山市南海区,黄岐步行街
广东省佛山市南海区,黄海路
广东省佛山市南海区中海锦城二街,中海锦苑
广东省佛山市南海区二街,中海锦苑
广东省佛山市南海区中海锦城二街,桂城街道
广东省佛山市南海区,佛山中旅桂城门市部
广东省佛山市南海区花园二街,佛山中旅桂城门市部
广东省佛山市南海区二街,中海·万锦豪园
广东省佛山市南海区,保利水城东广场
广东省佛山市南海区,南海区
广东省佛山市南海区,佛山市南海区黄岐街道泌冲村老年人协会
广东省佛山市禅城区祖庙路,祖庙路46号
广东省佛山市禅城区城门西路,城门西路19-21
广东省佛山市禅城区祖庙街道,祖庙街道
广东省佛山市禅城区,CN广告
广东省佛山市禅城区文庆路,文庆路44
广东省佛山市禅城区主庙街道,科秦·君御华府
广东省佛山市禅城区文庆路,文庆路43号
广东省佛山市禅城区,潮楠广告装饰设计
广东省佛山市禅城区,科秦·君御华府
广东省佛山市顺德区东乐路,东乐路11号
广东省佛山市顺德区文华路,文华路11号
河北省保定市莲池区,阳光盛景A区10号楼
河北省保定市高碑店市,和平街道
河南省信阳市浉河区长安路,长安路237号
甘肃省兰州市城关区庆阳路,庆阳路219号
甘肃省兰州市安宁区安宁东路,安宁东路405号
甘肃省兰州市安宁区,东兴铝厂家属院
甘肃省兰州市安宁区,众邦·金水湾2号院
甘肃省兰州市安宁区,迷城旋律KTV量贩
四川省内江市东兴区,全兴汽车修理厂
四川省内江市东兴区,蟠龙路
四川省内江市威远县,两口塘
内蒙古自治区包头市昆都仑区,紫金华府
内蒙古自治区包头市青山区文化路,文化路2号
内蒙古自治区包头市青山区文化路,文化路4号
北京市北京市朝阳区,Super Hero 私教健身工作室(朝外SOHO店)
北京市北京市东城区,东城区
北京市北京市朝阳区,欣发宝双井分店
北京市北京市东城区,上龙西里社区
北京市北京市东城区东四南大街,东四南大街122-1号
北京市北京市朝阳区,乐友孕婴童
北京市北京市昌平区,八仙别墅仙霞西里
北京市北京市丰台区,北京111文化产业园
北京市北京市怀柔区,北京一零一中怀柔校区
北京市北京市朝阳区,北京千禧大酒店
北京市北京市东城区,北京大学红楼
北京市北京市东城区安德路,安德路16号
北京市北京市东城区,北新桥地铁商业大厦
北京市北京市东城区,小二拉面
北京市北京市朝阳区,小武基桥
北京市北京市朝阳区,惠新里
北京市北京市东城区,我与地坛thecorner.
北京市北京市朝阳区,撒旦热狗
北京市北京市东城区,黑暗中的太阳零视觉体验馆
北京市北京市丰台区,时代财富天地
北京市北京市朝阳区,旺旺宠物
北京市北京市东城区,望京小腰
北京市北京市西城区,宣武门
北京市北京市顺义区,音乐主题烤吧
北京市北京市西城区,珠市口
北京市北京市海淀区,爱神鲜花速递
北京市北京市西城区,小天使早教班舞蹈班
北京市北京市朝阳区,花家地西里
北京市北京市东城区,新世界超市(新世界百货店)
北京市北京市丰台区,权金城(马家堡店)
北京市北京市丰台区,南木樨园
北京市北京市丰台区,方仕通美食城
北京市北京市丰台区,凯旋娱乐城
北京市北京市丰台区,菲琪美容美体有限公司
北京市北京市丰台区,中关村丰台科技园区
北京市北京市丰台区南三环中路,南三环中路70号
北京市北京市丰台区,岳阳大厦
北京市北京市丰台区,南木樨园12号楼
北京市北京市丰台区,彩虹城
北京市北京市丰台区,嘉园一里
北京市北京市丰台区,珠江骏景
北京市北京市丰台区,南顶村
北京市北京市丰台区,魔方公寓(石榴庄店)
北京市北京市丰台区,珠江骏景北区20号楼
北京市北京市丰台区,东木樨园
北京市北京市丰台区,东木樨园5号楼
北京市北京市丰台区,东木樨园6号楼
北京市北京市丰台区南三环,南曦大厦A座
北京市北京市丰台区,南曦大厦B座
北京市北京市丰台区,南木樨园11号楼
北京市北京市丰台区南顶路,南顶路21号
北京市北京市丰台区,康泽园
北京市北京市丰台区,珠江骏景-北区
北京市北京市丰台区,蓝天翔和苑
北京市北京市丰台区,大红门街道
北京市北京市丰台区,政馨园-一区
北京市北京市丰台区,方仕通科技广场
北京市北京市丰台区,芳群园
北京市北京市丰台区,方仕通手机批发市场西侧占道停车场
北京市北京市丰台区,木樨园桥
北京市北京市丰台区,沥溢旅馆
北京市北京市丰台区,珠江骏景北区23号楼
北京市北京市丰台区,政馨园
北京市北京市丰台区,政馨园一区1号楼
北京市北京市丰台区,马家堡西里20号楼
北京市北京市丰台区,马家堡西里22号楼
北京市北京市丰台区,小铁匠营
北京市北京市丰台区,南四环
北京市北京市丰台区南三环东路,南三环东路27号
北京市北京市大兴区,南海家园三里4号楼
北京市北京市昌平区,舒安公寓
北京市北京市昌平区,钱雨KTV
北京市北京市通州区,天赐良园
北京市北京市昌平区,巩华家园
北京市北京市昌平区,白各庄新村
北京市北京市昌平区,白各庄新村大酒店
北京市北京市昌平区立汤路,立汤路58号
北京市北京市朝阳区,好邻居东北菜
北京市北京市朝阳区阜通东大街,阜通东大街6号院
北京市北京市朝阳区,朝阳区
北京市北京市顺义区,空港花园酒店
北京市北京市朝阳区安定路,安定路20
北京市北京市朝阳区广顺北大街,广顺北大街116号
北京市北京市朝阳区星火西路,星火西路19号
北京市北京市海淀区,中国航天科工
北京市北京市海淀区,金隅山墅
北京市北京市海淀区,过桥米线,板面刀削面
北京市北京市海淀区,北京市四海公寓
北京市北京市海淀区,日月光·鼎好大厦
北京市北京市海淀区,金隅瑞和园
北京市北京市海淀区,港式烧腊饭
北京市北京市昌平区,龙旗广场
北京市北京市海淀区,海淀区
北京市北京市昌平区,幸福公寓
北京市北京市海淀区,西北旺回民公墓
北京市北京市海淀区,拓明科技
北京市北京市海淀区西四环北路,西四环北路117号
北京市北京市石景山区,石景山区
北京市北京市石景山区,北京市地铁建筑安装工程公司
北京市北京市昌平区,旺旺宠物用品店
北京市北京市石景山区石景山路路,盛景国际广场
北京市北京市西城区,西城区
北京市北京市东城区,中国航天科工三院二三九厂离退休管理办公室
北京市北京市海淀区,苏州街-亭子
北京市北京市顺义区,名都园
北京市北京市西城区,啊臻味道米粉
北京市北京市西城区,速8酒店(北京西站达官营地铁站店)
北京市北京市西城区宣武门西大街,宣武门西大街99
北京市北京市丰台区,北京=蔚县客货直达专线
北京市北京市朝阳区,慧忠里小区
北京市北京市西城区,打印社
北京市北京市通州区台湖大街,台湖大街9号
北京市北京市通州区,通州区
江苏省南京市江宁区,秣陵街道
江苏省南京市六合区,六合区
江苏省南京市玄武区,紫金墨香苑2号楼
江苏省南京市栖霞区,万鑫世纪苑
江苏省南京市玄武区,紫金墨香苑
江苏省南京市玄武区,墨香山庄
江苏省南京市栖霞区,山林苑
江苏省南京市栖霞区神农路,神农路5-11号
江苏省南京市江宁区,南京医科大学(江宁校区)
江苏省南京市江宁区丽泽路,丽泽路599号
江苏省南京市江宁区天禄大道,天禄大道1号
江苏省南京市江宁区,文鼎广场
江苏省南京市江宁区格致路,格致路1号
江苏省南京市江宁区,水岸风华
江苏省南京市江宁区龙眠大道,水岸风华
江苏省南京市江宁区,水岸风华19幢
江苏省南京市江宁区,南京马场山风景区舟渔寨度假村
江苏省南京市江宁区龙眠大道,龙眠大道618号
江苏省南京市江宁区,格致路与龙眠大道交叉口
江苏省南京市江宁区,水岸风华17幢
江苏省南京市江宁区龙眠大道,龙眠大道
江苏省南京市江宁区龙眠大道,龙眠大道666
江苏省南京市江宁区,金箔路与上元大街交叉口
江苏省南京市浦口区,南京信息工程大学
江苏省南京市浦口区,南京信息工程大学-东苑
江苏省南京市浦口区,苏宁天润城(11街区)
江苏省南京市浦口区,浦口区
江苏省南京市浦口区,盘锦花园
江苏省南京市浦口区盘新路,盘新路
江苏省南京市玄武区,1912酒吧街
江苏省南京市玄武区,东南大学(四牌楼校区)
江苏省南京市玄武区,一枝园
江苏省南京市玄武区,东方城旭日园
江苏省南京市高淳区,旺旺超市
江苏省南京市玄武区,华利国际
江苏省南京市玄武区,北门桥小区
江苏省南京市玄武区,木马公寓
江苏省南京市玄武区双井巷,双井巷
江苏省南京市玄武区双井巷,双井巷214
江苏省南京市玄武区双井巷,双井巷256
江苏省南京市玄武区,同仁新寓2幢
江苏省南京市玄武区,同仁新寓
江苏省南京市玄武区,玄武区
江苏省南京市玄武区,虹飞电信城
江苏省南京市玄武区大石桥路,大石桥路29号
江苏省南京市玄武区,蒙自源过桥米线(玄武鼓楼店)
江苏省南京市玄武区大纱帽巷,大纱帽巷
江苏省南京市玄武区太平北路,太平北路116号
江苏省南京市玄武区成贤街,极地77酒吧
江苏省南京市玄武区成贤街,7天连锁酒店(北京东路店)
江苏省南京市玄武区,新世界中心
江苏省南京市玄武区,越时空通信广场
江苏省南京市玄武区,白马山庄
江苏省南京市玄武区,新世界中心B座
江苏省南京市玄武区老虎桥,老虎桥37号
江苏省南京市玄武区,白马山庄1幢
江苏省南京市玄武区,后宰门西村
江苏省南京市玄武区老虎桥,玄武区
江苏省南京市玄武区老虎桥,老虎桥32号
江苏省南京市玄武区,7天连锁酒店(北京东路店)
江苏省南京市玄武区,安安客房
江苏省南京市玄武区蓁巷,蓁巷
江苏省南京市玄武区,汇杰公寓
江苏省南京市玄武区,美来悦公寓(丹凤街店)
江苏省南京市玄武区,时代华府
江苏省南京市玄武区,进香河路与老虎桥交叉口
江苏省南京市鼓楼区,超时空服饰广场
江苏省南京市秦淮区中山南路,中山南路49号
江苏省南京市秦淮区,秦淮区
江苏省南京市秦淮区洪武路,洪武路199号
江苏省南京市秦淮区,大邦紫云阁
江苏省南京市雨花台区,翠岛花城
江苏省南京市雨花台区,翠岛花城-蔷薇苑
江苏省南京市雨花台区,翠岛花城水芙苑
江苏省南京市雨花台区,翠岛花城荷田苑
江苏省南京市雨花台区,翠岛花城雅菊苑4号楼
江苏省南京市雨花台区,翠岛花城-竹韵苑
江苏省南京市雨花台区,翠岛花城蔷薇苑5栋
江苏省南京市雨花台区软件大道,软件大道19号
江苏省南京市雨花台区卡子门大街,卡子门大街90号
江苏省南京市鼓楼区东宝路,东宝路8号
江苏省南京市鼓楼区北京西路,北京西路
江苏省南京市鼓楼区宁海路,南京市鼓楼区政府
江苏省南京市鼓楼区宁海路,宁海路80号
江苏省南京市鼓楼区宁海路,宁海路
江苏省南京市鼓楼区宁海路,宁海路84号
江苏省南京市鼓楼区宁海路,宁海路90号
江苏省南京市鼓楼区,河海会堂
江苏省南京市鼓楼区,河海大厦
江苏省南京市鼓楼区,河海大学
江苏省南京市鼓楼区海宁路,鼓楼区
江苏省南京市鼓楼区,鼓楼区
江苏省南京市鼓楼区,清凉雅苑
江苏省南京市建邺区清江南路,越洋国际
江苏省南京市鼓楼区清江路,清江路45号
江苏省南京市鼓楼区虎踞北路,虎踞北路46号
江苏省南京市鼓楼区,江东壹号会所
江苏省南京市鼓楼区,场门口14号9幢
江苏省南京市鼓楼区,南京大学鼓楼校区-校园物流服务中心
江苏省南京市鼓楼区幕府西路,幕府西路28-33号
江苏省南京市鼓楼区山西路,山西路8号
江苏省南京市鼓楼区,今朝天下老8幢
江苏省南京市鼓楼区江东北路,江东北路88号
广西壮族自治区南宁市兴宁区,共和路与青云街交叉口
广西壮族自治区南宁市兴宁区人民中路,人民中路1号
广西壮族自治区南宁市兴宁区共和路,共和路124
广西壮族自治区南宁市兴宁区共和路,共和路99号
广西壮族自治区南宁市兴宁区,广西南宁金闪点商贸有限公司
广西壮族自治区南宁市兴宁区,世蚁手机维修·兰亭数码(悦荟广场店)
广西壮族自治区南宁市兴宁区,兴宁路步行街
广西壮族自治区南宁市青秀区,明豪公寓
广西壮族自治区南宁市兴宁区,昊天电子
广西壮族自治区南宁市兴宁区,南宁饭店
广西壮族自治区南宁市兴宁区民生路,民生路9
广西壮族自治区南宁市兴宁区,悦荟广场
广西壮族自治区南宁市兴宁区,新朝阳商务大厦
广西壮族自治区南宁市兴宁区,昊天数码港-北门
广西壮族自治区南宁市兴宁区,昊天通信万达店
广西壮族自治区南宁市兴宁区,朝阳路
广西壮族自治区南宁市兴宁区,西南商都
广西壮族自治区南宁市兴宁区,朝阳街道
广西壮族自治区南宁市兴宁区朝阳路,朝阳路38号
广西壮族自治区南宁市兴宁区,格兰云天
广西壮族自治区南宁市兴宁区,铭豪酒店
广西壮族自治区南宁市兴宁区,城市便捷酒店(南宁民主店)
广西壮族自治区南宁市兴宁区,兴宁区
广西壮族自治区南宁市兴宁区青云街,青云街18号
广西壮族自治区南宁市青秀区,拓普通讯数码
广西壮族自治区南宁市江南区亭洪路,亭洪路48-1号
广西壮族自治区南宁市西乡塘区,华兴里坑边34号
广西壮族自治区南宁市西乡塘区北大南路,北大南路25号
广西壮族自治区南宁市西乡塘区路,世贸西城
广西壮族自治区南宁市西乡塘区大学东路,大学东路98号
广西壮族自治区南宁市西乡塘区,天域香格里拉
广西壮族自治区南宁市西乡塘区,西建水岸华府
广西壮族自治区南宁市西乡塘区友爱南路,友爱南路22号
广西壮族自治区南宁市西乡塘区衡阳西路,衡阳西路1号
广西壮族自治区南宁市西乡塘区,南宁安吉万达广场
广西壮族自治区南宁市青秀区,国贸中心
广西壮族自治区南宁市青秀区中越路,中越路7号
广西壮族自治区南宁市青秀区,东盟财经中心A座
广西壮族自治区南宁市青秀区民族大道,民族大道41号
广西壮族自治区南宁市青秀区莺歌路,莺歌路8号
广西壮族自治区南宁市青秀区,南宁青秀万达广场
福建省南平市延平区,创世纪二期
福建省南平市延平区,缤纷年代国际俱乐部
福建省南平市延平区,延府豪庭
福建省南平市延平区梅峰路,梅峰路85号
福建省南平市延平区,自强岭7号楼
福建省南平市延平区朝阳路,朝阳路4号
福建省南平市延平区,创世纪三期
福建省南平市延平区,金泰大厦
江西省南昌市西湖区广场南路,广场南路205号
江西省南昌市西湖区八一大道,八一大道235号
江西省南昌市西湖区,长运新大地电脑城广场
江西省南昌市西湖区,新大地手机电脑广场
江西省南昌市东湖区广场南路,八一广场
福建省厦门市同安区,西塘
福建省厦门市同安区,厦门市同安区西塘小学
福建省厦门市同安区塘北路,新民镇
福建省厦门市同安区,新民镇
福建省厦门市同安区,鸿轩茗茶(西塘西路店)
福建省厦门市同安区大厝里西路,西塘
福建省厦门市同安区喜糖东路,新民镇
福建省厦门市同安区西塘北路,新民镇
福建省厦门市同安区里中街路,鸿轩茗茶(西塘西路店)
福建省厦门市同安区里东路,鸿轩茗茶(西塘西路店)
福建省厦门市思明区,华天花园C栋公寓楼
福建省厦门市湖里区,新景华府
福建省厦门市思明区嘉禾路,嘉禾路235号
福建省厦门市思明区,中山晶品公寓
福建省厦门市思明区,临家闽南菜(思北店)
福建省厦门市思明区莲前东路,莲前东路411号
福建省厦门市思明区嘉禾路,嘉禾路188号
福建省厦门市海沧区兴港路,兴港路9-10号
福建省厦门市湖里区嘉禾路,嘉禾路398号
福建省厦门市湖里区,佳园公寓
福建省厦门市湖里区,南山公寓
福建省厦门市湖里区,南山新村
福建省厦门市湖里区南山路,南山路112-1
福建省厦门市湖里区南山路,南山路112号
福建省厦门市湖里区南山路,南山路100-200
福建省厦门市湖里区双浦路,双浦路297号
福建省厦门市湖里区,天宝花园
福建省厦门市湖里区,筼筜·温莎公馆
福建省厦门市湖里区,熊掌堡NO.18
福建省厦门市湖里区,每天咖啡
福建省厦门市湖里区,湖里区
福建省厦门市湖里区,金山街道高林社区老人协会田头社老人俱乐部
福建省厦门市湖里区,田头金铭购物中心
福建省厦门市湖里区,五通
福建省厦门市湖里区,田头
福建省厦门市湖里区,阳光超市(田头店)
福建省厦门市湖里区,厦门喜来登酒店
福建省厦门市翔安区新东路,新东路24号
福建省厦门市翔安区,豪友超市
福建省厦门市翔安区,汇景商城
福建省厦门市翔安区,汇景新城中心
福建省厦门市翔安区,汇景购物广场
福建省厦门市翔安区,新店镇
浙江省台州市三门县,赤头村
浙江省台州市三门县,大作通讯
浙江省台州市三门县新南山路,光明路天翼手机卖场
浙江省台州市三门县,陶然居主题宾馆
浙江省台州市三门县海游街道,海游街道
浙江省台州市三门县新南山路,大作通讯
浙江省台州市三门县人民路,人民路47
浙江省台州市三门县平安路,平安路101号
浙江省台州市三门县新南山路,海游镇
浙江省台州市三门县路,海游中学
浙江省台州市三门县新南山路,陶然居主题宾馆
浙江省台州市三门县路,大作通讯
浙江省台州市三门县路,新苑宾馆(南山路店)
浙江省台州市三门县路,陶然居主题宾馆
浙江省台州市三门县,海游镇
浙江省台州市三门县梧桐路,梧桐路20号
浙江省台州市三门县海游街道,阿伟工作室
浙江省台州市临海市下后塘路,人文电脑
浙江省台州市临海市大洋西路,大洋西路
浙江省台州市临海市后唐路,人文电脑
浙江省台州市临海市后唐路,天宇贸易
浙江省台州市临海市后塘路,后塘路147号
浙江省台州市临海市后塘路,后塘路149号
浙江省台州市临海市后塘路,后塘路175号
浙江省台州市临海市后塘路,后塘路183-15号
浙江省台州市临海市后塘路,后塘路183-16号
浙江省台州市临海市后塘路,后塘路183号
浙江省台州市临海市,人文电脑
浙江省台州市临海市,天宇贸易
浙江省台州市临海市,颐高数码城自行车租赁点
浙江省台州市临海市,新桥头小区3-18幢
浙江省台州市临海市,台州三峰软件有限公司
浙江省台州市临海市大田桥,大田街道
浙江省台州市临海市,大田桥路
浙江省台州市临海市凯歌路,凯歌路12-15
浙江省台州市临海市凯歌路,古城街道
浙江省台州市临海市凯歌路,江南布衣(耀达百货店)
浙江省台州市临海市后塘路,后塘路157号
浙江省台州市临海市后塘路,后塘路173-15
浙江省台州市临海市后塘路,后塘路173-16
浙江省台州市临海市后塘路,后塘路183-17号
浙江省台州市临海市后塘路,后塘路
浙江省台州市临海市后塘路,开心棋牌(后塘路)
浙江省台州市临海市,后塘路与鹿城路交叉口
浙江省台州市临海市,杜桥农贸市场
浙江省台州市临海市,嘉嘉乐量贩KTV
浙江省台州市临海市,大柏叶小区2-17号楼
浙江省台州市临海市,大柏叶小区
浙江省台州市临海市北门步行街,大柏叶小区
浙江省台州市临海市,望洋路与新江路交叉口
浙江省台州市临海市,白塔小区
浙江省台州市临海市,米兰风尚城市酒店临海分店
浙江省台州市临海市,颐高数码广场(临海店)
浙江省台州市临海市鹿城路,鹿城路149号
浙江省台州市临海市鹿城路,鹿城路97号
浙江省台州市临海市鹿城路,鹿城路
浙江省台州市临海市,鹿城路
浙江省台州市临海市东方大道,东方大道1号
浙江省台州市临海市,临东村
浙江省台州市临海市,大洋街道
浙江省台州市临海市,和院
浙江省台州市临海市,伟星和院客户接待中心
浙江省台州市临海市双林南路,双林南路230
浙江省台州市临海市,台州学院(临海校区)
浙江省台州市临海市,中心区商业街小区
浙江省台州市临海市,回浦实验中学
浙江省台州市临海市,大洋社区
浙江省台州市临海市大洋西路,大洋西路23-25
浙江省台州市临海市,大田刘工业园区
浙江省台州市临海市府园南路,府园南路
浙江省台州市临海市,肯德基(银泰店)
浙江省台州市临海市,新桥头小区
浙江省台州市临海市,汇溪镇
浙江省台州市临海市,泰晤士小镇
浙江省台州市临海市,泰唔士小镇15幢
浙江省台州市临海市,洛河公园
浙江省台州市临海市,绿化村
浙江省台州市临海市大田街道,大田街道
浙江省台州市临海市大田桥路,大田桥路
浙江省台州市临海市,大田刘村
浙江省台州市临海市,大田桥新村
浙江省台州市临海市奋进西街,奋进西街15-18
浙江省台州市临海市数码城路,大田街道
浙江省台州市临海市,桑园
浙江省台州市临海市,大田街道
浙江省台州市临海市,上泛村
浙江省台州市临海市东方大道,朗成·大时代
浙江省台州市临海市,河头镇
浙江省台州市临海市数码城路,河头镇
浙江省台州市临海市,后塘路与新江路交叉口
浙江省台州市天台县,桥南汇仁
安徽省合肥市包河区,创景花园6幢
安徽省合肥市包河区,创景花园
安徽省合肥市包河区,北京路与高铁路交叉口
安徽省合肥市包河区,北京路与龙川路交叉口
安徽省合肥市包河区,同和民康·百合园
安徽省合肥市包河区,地矿家园
安徽省合肥市包河区,望湖街道
安徽省合肥市包河区,地矿家园15栋
安徽省合肥市瑶海区,瑶海区
安徽省合肥市瑶海区,二毛酸菜鱼
安徽省合肥市瑶海区,市政恢复小区
安徽省合肥市瑶海区,二毛快餐
安徽省合肥市瑶海区,宿州路与淝滨路交叉口
安徽省合肥市瑶海区,试验区工业园
安徽省合肥市瑶海区,骆驼蓄电池
安徽省合肥市瑶海区,明光路与淝光路交叉口
安徽省合肥市瑶海区,恒大中央广场1号楼
安徽省合肥市瑶海区,恒大中央广场2号楼
安徽省合肥市瑶海区,市政大厦
安徽省马鞍山市和县,万达五金
安徽省合肥市蜀山区,合肥市蜀山区井岗镇综合文化站
安徽省合肥市蜀山区,蜀峰路
安徽省合肥市蜀山区,长江西路与蜀峰路交叉口
安徽省合肥市蜀山区,乐森林艺术教育
安徽省合肥市蜀山区,长江西路
安徽省合肥市蜀山区,乐客来国际商业中心
安徽省合肥市蜀山区,国购广场
吉林省吉林市船营区,美啊里饭店
山西省吕梁市交口县,山西永兴煤业有限公司
山西省吕梁市文水县,晋能清洁能源科技有限公司
内蒙古自治区呼伦贝尔市扎兰屯市,繁荣街道
内蒙古自治区呼伦贝尔市扎兰屯市,蘑菇气镇
内蒙古自治区呼伦贝尔市海拉尔区,正阳街道
内蒙古自治区呼和浩特市回民区,花花世界
内蒙古自治区呼和浩特市回民区,云鼎商业中心
内蒙古自治区呼和浩特市回民区,云鼎商业中心D座
内蒙古自治区呼和浩特市回民区,重庆切面店(光明大街店)
内蒙古自治区呼和浩特市回民区,云鼎商业中心A座
内蒙古自治区呼和浩特市新城区,云鼎大厦
内蒙古自治区呼和浩特市回民区,内蒙古医科大学附属医院
内蒙古自治区呼和浩特市玉泉区,内蒙古医科大学
内蒙古自治区呼和浩特市回民区通道北路,通道北路114号
内蒙古自治区呼和浩特市回民区通道北路,通道北路84号
内蒙古自治区呼和浩特市回民区,女神大酒店(金蓝港店)
内蒙古自治区呼和浩特市回民区中山西路,中山西路27号
陕西省咸阳市秦都区人民中路,人民中路16号
陕西省咸阳市秦都区人民路,人民路21号
黑龙江省哈尔滨市南岗区鸿翔路,鸿翔路28号
黑龙江省哈尔滨市道里区华兴街,华兴街55号
黑龙江省哈尔滨市道里区,民生尚都
黑龙江省哈尔滨市道里区中央大街,中央大街199号
黑龙江省哈尔滨市道里区康安路,康安路196
黑龙江省哈尔滨市道里区石头道街,石头道街117号
黑龙江省哈尔滨市香坊区远香街,远香街14号
黑龙江省哈尔滨市香坊区远乡街,香坊区
黑龙江省哈尔滨市香坊区,远香街
黑龙江省哈尔滨市香坊区延福街,延福街188号
河南省商丘市永城市,百花苑
河南省商丘市永城市,永煤集团救护大队
浙江省嘉兴市南湖区,嘉兴世界贸易中心
浙江省嘉兴市南湖区,三星村
浙江省嘉兴市南湖区,嘉兴创元科技
浙江省嘉兴市南湖区,嘉兴世界贸易中心B座-南门
浙江省嘉兴市南湖区,中创国际公寓2幢
浙江省嘉兴市南湖区,星巴克(月河街店)
浙江省嘉兴市秀洲区,大树花园
浙江省嘉兴市南湖区,亚厦风和苑康宁居11幢
浙江省嘉兴市南湖区,亚厦风和苑
浙江省嘉兴市秀洲区,大树花园-二期
浙江省嘉兴市秀洲区,大树花园(二)
浙江省嘉兴市秀洲区,大树花园二期4幢
浙江省嘉兴市秀洲区,江南摩尔小区
浙江省嘉兴市秀洲区,江南·摩尔购物中心东区
浙江省嘉兴市秀洲区,洪合镇
浙江省嘉兴市秀洲区,富民路
浙江省嘉兴市秀洲区,嘉兴旺盛纺织有限公司
山西省大同市南郊区,金牛精品装饰城A馆
山西省大同市城区南环路,南环路30
云南省大理白族自治州宾川县,上毗村
辽宁省大连市中山区上海路,上海路75
辽宁省大连市金州区金马路,金马路169号
辽宁省大连市沙河口区振工街,振工街
辽宁省大连市沙河口区振工街,振工街58号
辽宁省大连市沙河口区振工街,振工街88号
辽宁省大连市沙河口区中山路,中山路682号
辽宁省大连市甘井子区中华西路,中华西路
辽宁省大连市甘井子区千山路,千山路5号
辽宁省大连市甘井子区千山路,千山路6号
辽宁省大连市金州区斯大林大街,斯大林路
辽宁省大连市金州区斯大林街,斯大林路
天津市天津市南开区,林苑东里9号楼
天津市天津市南开区,微微内衣
天津市天津市南开区,王顶堤街林苑北里社区卫生服务站
天津市天津市南开区,大江烟酒
天津市天津市南开区,林苑东里
天津市天津市南开区,林东理发店
天津市天津市南开区,苑东路
天津市天津市和平区,和平区
天津市天津市和平区四平西道,四平西道12号
天津市天津市西青区,高银117大厦
天津市天津市和平区新兴路,新兴路14号
天津市天津市和平区新兴路,新兴路16
天津市天津市和平区新兴路,新兴路18
天津市天津市和平区新兴路,新兴路22
天津市天津市和平区新兴路,新兴路24
天津市天津市和平区新兴路,新兴路26号
天津市天津市和平区新兴路,新兴路52号
天津市天津市和平区新兴路,新兴路6
天津市天津市和平区新兴路,新兴路8号
天津市天津市和平区卫津路,卫津路73号
天津市天津市滨海新区,贻港城7栋
天津市天津市滨海新区金街,热卖超市(金街店)
天津市天津市武清区,卧龙潭净水中心
天津市天津市河北区昆纬路,昆纬路54
天津市天津市河北区昆纬路,昆纬路56
天津市天津市河北区昆纬路,昆纬路5
天津市天津市河北区昆纬路,昆纬路65
天津市天津市河北区,志成中里
天津市天津市西青区,枫桥园
山西省太原市迎泽区,伊清园169连锁旅店
山西省太原市小店区,小店区
山西省太原市小店区,居然之家春天店家具灯饰馆
山西省太原市小店区,平阳小区
山西省太原市小店区,新领地
山西省太原市小店区,省建五公司宿舍院
山西省太原市小店区建设南路,建设南路215号
山西省太原市晋源区,梧桐院
山西省太原市晋源区,湖畔小区
山西省太原市晋源区,罗城街办化肥厂
山西省太原市晋源区,街心公园
山西省太原市迎泽区,化肥厂小区
山西省太原市晋源区,化肥小区
山西省太原市杏花岭区,梧桐雨
山西省太原市晋源区,罗城街道
山西省太原市杏花岭区,山水庭院
山西省太原市迎泽区,创源大厦
山西省太原市迎泽区,中国石化南海街加油站
山西省太原市迎泽区云路街,云路街15号
山西省太原市迎泽区,太原市迎泽区回民小学校
山西省太原市迎泽区,时尚富百家
山西省太原市迎泽区,通讯猎手
山西省太原市迎泽区,凯旋大地
山西省太原市小店区,华为客户服务中心
山西省太原市迎泽区后铁匠巷,后铁匠巷5号
山西省太原市迎泽区,太原搜机城(大南门店)
山西省太原市迎泽区,大南门营业厅
山西省太原市迎泽区,前海手机商城
山西省太原市迎泽区,山西省道路运输管理局
山西省太原市迎泽区,大铁匠巷
山西省太原市迎泽区大铁匠巷,大铁匠巷10号
山西省太原市迎泽区,迎泽区
山西省太原市迎泽区,红城通讯
山西省太原市杏花岭区,瓜瓜呷鲜瓜火锅
山西省太原市迎泽区,华宇购物中心(开化寺街店)
山西省太原市迎泽区,中国建设银行
山西省太原市迎泽区,海印通讯广场
山西省太原市杏花岭区解放路,解放路
山西省太原市迎泽区,太原市迎泽区起凤街小学
山西省太原市迎泽区,迎泽宾馆宿舍
山西省太原市迎泽区钟楼街,钟楼街9h5
山西省太原市迎泽区,风行户外休闲
山西省太原市迎泽区桥头街,桥头街2号
山西省太原市迎泽区,汾酒大厦
湖北省孝感市云梦县四川二路,津津科技园
福建省宁德市福安市,福安市
福建省宁德市福安市,风车摩托电动车配件批发部
福建省宁德市福安市,城北街道
福建省宁德市福安市,天恒国际
福建省宁德市福安市,福建非常同步教育
福建省宁德市福安市,城南街道
福建省宁德市福安市,福安市城南街道南湖社区居委会
福建省宁德市福安市,穆阳镇
福建省宁德市福安市,赛岐镇
福建省宁德市福安市,阳头街道
福建省宁德市福安市,非常宝贝童装特价店
福建省宁德市蕉城区,七都镇
福建省宁德市蕉城区,宁德市七都镇政府
福建省宁德市蕉城区,上东·曼哈顿
福建省宁德市蕉城区,蕉城区
福建省宁德市蕉城区,宁德市九都镇政府
福建省宁德市蕉城区,宁德市蕉城区八都镇八都村村民委员会
福建省宁德市蕉城区,八都镇
福建省宁德市霞浦县花桥弄,松城街道
浙江省宁波市鄞州区,百丈东路
浙江省宁波市海曙区上塘路,海曙区
浙江省宁波市海曙区贸西巷,鄮西巷
浙江省宁波市海曙区软件大道,海曙区
浙江省宁波市海曙区,格兰星辰
浙江省宁波市鄞州区,吉田美学
浙江省宁波市镇海区兴庄路,兴庄路328号
浙江省宁波市江北区中关西路,科创大厦
浙江省宁波市镇海区光明路,光明路1号
浙江省宁波市镇海区,创业孵化园
浙江省宁波市镇海区,浙江纺织服装职业技术学院
浙江省宁波市镇海区,浙江纺织服装职业技术学院生活区
浙江省宁波市镇海区清泉路,清泉路255号
湖北省宜昌市西陵区东山大道,东山大道109号
湖北省宜昌市西陵区,CBD
湖北省宜昌市西陵区,大洋百货(宜昌店)
湖北省宜昌市西陵区夷陵大道,夷陵大道56号
湖北省宜昌市西陵区,宜昌市西陵区窑湾乡唐家湾村村民委员会
湖北省宜昌市西陵区夷陵大道,夷陵大道58号
江苏省宿迁市宿城区,和平村
江苏省宿迁市宿豫区,中国移动手机卖场(仰化指定店)
江苏省宿迁市沭阳县,丰润名苑
江苏省宿迁市沭阳县,孙巷小区
江苏省宿迁市沭阳县,大家庭超市NO.001
江苏省宿迁市沭阳县,南苑小区
江苏省宿迁市沭阳县,孙巷小区一期63号楼
江苏省宿迁市沭阳县,江苏宿迁市沭阳县浙江商城
江苏省宿迁市沭阳县,都市阳光
江苏省宿迁市泗洪县泗州中大街,泗州中大街53号
江苏省宿迁市泗洪县,多维数码科技
江苏省宿迁市泗洪县第一街,多维数码科技
江苏省宿迁市泗阳县,泗阳县开发区
江苏省常州市天宁区劳动西路,劳动西路23
江苏省常州市天宁区劳动西路,劳动西路32号
江苏省常州市天宁区,后周家村108号
江苏省常州市天宁区,后周村94号
江苏省常州市武进区,新城域花园
江苏省常州市武进区,金堤花苑
江苏省常州市金坛区,金沙影城(司马坊店)
江苏省常州市金坛区,刘家塘小区
江苏省常州市金坛区,司马坊商业步行街
江苏省常州市金坛区,司马坊步行街
江苏省常州市金坛区,司马坊电脑城
江苏省常州市金坛区,金城镇
江苏省常州市金坛区,司马坊商务公寓
江苏省常州市钟楼区,钟楼区
江苏省常州市钟楼区,跃达通讯
湖南省常德市安乡县,大鲸港镇
河南省平顶山市新华区,中兴铭座
河南省平顶山市新华区,佳田国际大酒店
广东省广州市从化区新城东路,新城东路80号
广东省广州市从化区,从化区吕田镇政府
广东省广州市从化区,德福河畔花园莱茵水岸
广东省广州市从化区,江埔街道
广东省广州市从化区,广州南洋理工职业学院宿舍区
广东省广州市从化区,温泉镇
广东省广州市从化区,广州南洋理工职业学院(新校区)
广东省广州市从化区街口街道,广州城建职业学院
广东省广州市从化区广场路,广场路72号
广东省广州市从化区,广州城建职业学院
广东省广州市从化区,街口街道
广东省广州市从化区,新城广场
广东省广州市从化区新城广场路,街口街道
广东省广州市从化区环市东路,广州城建职业学院
广东省广州市从化区东路,广州城建职业学院
广东省广州市南沙区二街,南沙区
广东省广州市南沙区二街,万顷沙镇
广东省广州市南沙区,万顷沙镇
广东省广州市南沙区发展路,发展路3号
广东省广州市南沙区珠江东二街,万顷沙镇
广东省广州市南沙区珠江东路,珠江东路43号
广东省广州市南沙区珠江东路二街,万顷沙镇
广东省广州市南沙区珠江东路十三巷,珠江东路十三巷
广东省广州市南沙区万达广场金街,南沙区
广东省广州市增城区荔乡路,荔乡路93号
广东省广州市增城区,新塘广场
广东省广州市增城区,凤凰城
广东省广州市增城区,凤岭苑
广东省广州市增城区,太平洋工业区
广东省广州市增城区,太平洋海德堡花园别墅
广东省广州市增城区,太平洋药店
广东省广州市增城区商铺街,中烟商行
广东省广州市增城区商铺街,诚信茶烟酒商行
广东省广州市增城区商铺街,银峰农庄(沙埔店)
广东省广州市增城区,新塘新世界花园
广东省广州市增城区,新塘立交
广东省广州市增城区,新康花园
广东省广州市增城区,水南村
广东省广州市增城区一路,美宜佳
广东省广州市增城区一路,新塘广场
广东省广州市增城区,中烟商行
广东省广州市增城区,那些年华美容养生连锁
广东省广州市增城区,豪进广场
广东省广州市增城区,正果镇
广东省广州市增城区,增城万达广场
广东省广州市增城区,荔城街道
广东省广州市增城区,荔枝山
广东省广州市增城区,增城万达广场写字楼
广东省广州市增城区,速递易
广东省广州市增城区增城大道,增城大道67号
广东省广州市增城区增城大道,增城大道76
广东省广州市增城区商铺街,林屋
广东省广州市天河区,荔苑路与名圃街交叉口
广东省广州市天河区,东圃
广东省广州市天河区,车陂公交场站
广东省广州市天河区,万科云城米酷
广东省广州市天河区上社口岗大街,上社口岗大街
广东省广州市天河区上社口岗大街三巷,暨南大学明湖苑24栋之一
广东省广州市天河区上社口岗大街三巷,天河区
广东省广州市天河区,上社
广东省广州市天河区,天河区
广东省广州市天河区,电白建设集团广东省农科院道路工程指挥部
广东省广州市天河区车站路,车站路12号
广东省广州市天河区车站路,车站路4号
广东省广州市天河区,上社横街与上社口岗新大街交叉口
广东省广州市天河区,七天公寓
广东省广州市天河区车站路,怡乐院公寓
广东省广州市天河区,广州道路
广东省广州市天河区上社横街,上社横街
广东省广州市天河区车站路,车站路21号
广东省广州市天河区车站路,车站路5号
广东省广州市天河区车站路,车站路9号
广东省广州市天河区,上社车站大街
广东省广州市天河区东圃二横路,东圃二横路112号
广东省广州市天河区东圃二横路,东圃二横路52号
广东省广州市天河区,东圃商业大厦
广东省广州市天河区,物业管理处
广东省广州市天河区,名圃花园
广东省广州市天河区,雅怡居
广东省广州市天河区北门五巷,康乐新村
广东省广州市天河区康乐新村五巷,东圃
广东省广州市天河区,天力居
广东省广州市天河区康乐新村5巷,东圃
广东省广州市天河区,怡东苑
广东省广州市天河区,景田百岁山(东圃店)
广东省广州市天河区,广州公共自行车珠村牌坊租赁点
广东省广州市天河区,康乐新村
广东省广州市天河区,嘉逸花园
广东省广州市天河区,嘉逸花园宽派
广东省广州市天河区中山大道,中山大道1037号
广东省广州市天河区中山大道中,中山大道中38号
广东省广州市天河区中车陂路,东灏商业大厦
广东省广州市天河区,新中兴百货
广东省广州市天河区,丰兴广场写字楼B幢
广东省广州市天河区珠江西路,珠江西路11号
广东省广州市天河区康乐新村五巷,康乐新村
广东省广州市天河区,家乐超市(渔沙坦店)
广东省广州市天河区,怡景花园
广东省广州市天河区大塘中街,车陂大塘中街
广东省广州市天河区,壬丰大厦
广东省广州市天河区东三巷,东三巷1号
广东省广州市天河区大观中路,大观中路492号
广东省广州市天河区,富力·天朗明居
广东省广州市天河区,天河区图书馆
广东省广州市天河区,绝味鸭脖(棠东牌坊店)
广东省广州市天河区,棠东
广东省广州市天河区,燕侨大厦
广东省广州市天河区,石牌街道
广东省广州市天河区,天河区雅心幼儿园
广东省广州市天河区,龙祥宾馆
广东省广州市天河区,天河慧通产业广场-B区
广东省广州市天河区天河路,天河路242号
广东省广州市天河区天河路,天河路490号
广东省广州市天河区,太平洋商业中心
广东省广州市天河区,百脑汇科技大厦
广东省广州市天河区,Wacom(影拓店)
广东省广州市天河区,广东工业制造技工学校
广东省广州市天河区,平湖小区
广东省广州市天河区,广州华成理工职业技术学校
广东省广州市天河区,棠下街道
广东省广州市天河区,龙洞购物中心
广东省广州市天河区,中人宿舍
广东省广州市天河区,美宜佳(欣奇百货店)
广东省广州市天河区,五仙桥
广东省广州市天河区,伍仙桥社区
广东省广州市越秀区,美宜佳
广东省广州市天河区,广州天河体育中心
广东省广州市天河区,中山大道中
广东省广州市天河区,天河南街道
广东省广州市天河区,琴之声琴行
广东省广州市天河区河水大街,河水大街11号
广东省广州市天河区珠村大塘边街12巷,珠吉街道
广东省广州市天河区,珠村
广东省广州市天河区旭景西街,旭景西街8号
广东省广州市天河区大唐中街,木
广东省广州市天河区,国康医药(旗舰店)
广东省广州市天河区,棠下上社
广东省广州市天河区西四街,西四街1号
广东省广州市天河区,正佳广场
广东省广州市天河区,珠村大塘边街
广东省广州市天河区,七夕文化广场
广东省广州市天河区,好运来
广东省广州市天河区南门社中街,珠村
广东省广州市天河区南门社中街三巷,珠村
广东省广州市天河区,富华百货
广东省广州市天河区大塘边街,大塘边街17号
广东省广州市天河区,珠村南门社新街一巷
广东省广州市天河区珠村南门社新街三巷,重庆万州杂酱面(珠村店)
广东省广州市天河区珠村大塘边街12巷,天河区
广东省广州市天河区珠村大塘边街8巷,天河区
广东省广州市天河区,珠吉街道
广东省广州市天河区,菜鸟驿站
广东省广州市天河区,鸿德广场
广东省广州市天河区,佳兴超市
广东省广州市天河区中街三巷,广州公共自行车珠村牌坊租赁点
广东省广州市天河区,家乐超市(迎龙路店)
广东省广州市天河区社大塘边街,广州公共自行车珠村牌坊租赁点
广东省广州市天河区大唐边街,广州公共自行车珠村牌坊租赁点
广东省广州市天河区,保安亭
广东省广州市天河区,地中海大厦
广东省广州市天河区,广州太平洋电脑城-二期
广东省广州市天河区,东圃汽车客运站
广东省广州市天河区,芙蓉兴盛(小鹏商店)
广东省广州市天河区,车陂公园
广东省广州市天河区,阳光便利店(东康街)
广东省广州市天河区,盈江广场
广东省广州市天河区,车陂四社车陂农贸市场
广东省广州市天河区,CoCo都可茶饮(车陂店)
广东省广州市天河区,闪族易购
广东省广州市天河区佳地花园1巷,车陂公园
广东省广州市天河区车陂大塘中街,车陂大塘中街10号
广东省广州市天河区,车陂大塘中街
广东省广州市越秀区佳地花园1巷,佳地华苑大厦小区
广东省广州市天河区,怡景公寓(棠下店)
广东省广州市天河区,富力·天朗明居N7
广东省广州市天河区,肯德基(摩登店)
广东省广州市天河区,车陂街道
广东省广州市天河区,加州卷(龙洞店)
广东省广州市天河区,天健上城
广东省广州市天河区,广氮花园
广东省广州市天河区,金江
广东省广州市天河区龙洞东大街,旺兴百货商场(龙洞总店)
广东省广州市天河区,旺兴百货商场(龙洞总店)
广东省广州市天河区龙洞东街一巷,东街
广东省广州市天河区,龙洞西街迎龙里
广东省广州市白云区,友家公寓
广东省广州市天河区金咀港新街,渔北路
广东省广州市天河区,东街
广东省广州市天河区龙洞东街,旺兴百货商场(龙洞总店)
广东省广州市天河区,佳家和便利店
广东省广州市天河区,九龙冰室清吧kowloon music pub
广东省广州市天河区,仙桥水店
广东省广州市天河区,广晟大厦
广东省广州市天河区天河北路,天河北路472号
广东省广州市天河区佳地花园1巷,必胜客(车陂店)
广东省广州市天河区,迎龙路
广东省广州市海珠区民政路,潮汕布行
广东省广州市海珠区,南北广场
广东省广州市海珠区,君华天汇充电站
广东省广州市海珠区,南华西工业大厦
广东省广州市海珠区滨江西路,滨江西路44号
广东省广州市海珠区宝岗大道,宝岗大道10-12号
广东省广州市海珠区,南华西大厦
广东省广州市海珠区,康乐村
广东省广州市海珠区,怡龙大厦
广东省广州市海珠区原民政路,潮汕布行
广东省广州市海珠区,海珠区
广东省广州市海珠区东四巷,康乐村
广东省广州市海珠区,憨豆超市
广东省广州市海珠区,顺驰商标
广东省广州市海珠区,康乐网络会所
广东省广州市海珠区,昌龙苑
广东省广州市海珠区,昌龙苑市场
广东省广州市增城区,江南网吧
广东省广州市海珠区安定里六巷,江贝村
广东省广州市海珠区,飞龙大厦
广东省广州市海珠区,愉景雅苑
广东省广州市海珠区昌岗中路,昌岗中路238号
广东省广州市番禺区,化龙镇预防道路交通事故联席会议办公室
广东省广州市番禺区化龙大道,化龙大道30号
广东省广州市番禺区,化龙公园
广东省广州市番禺区,化龙镇
广东省广州市番禺区,广州市化龙镇委
广东省广州市番禺区,化龙医院
广东省广州市番禺区,温记百货
广东省广州市番禺区社南路段,化龙镇
广东省广州市番禺区,桥南街道
广东省广州市番禺区,福涌村
广东省广州市番禺区,番禺区
广东省广州市白云区三元里大道,三元里大道1243号
广东省广州市白云区世康大街3巷,三元里村
广东省广州市白云区世康大街三巷,三元里村
广东省广州市白云区,沙涌北幼儿园
广东省广州市白云区,穗和家园
广东省广州市白云区,中国民生银行
广东省广州市白云区麒麟南路,麒麟南路28号
广东省广州市白云区,鸿福公寓
广东省广州市白云区,张记瓦罐汤白灰场南路NO.68
广东省广州市白云区,润祥大厦
广东省广州市白云区,穗和家园全屋装修
广东省广州市白云区,仲恺农业工程学院(白云校区)
广东省广州市白云区,仲恺农业工程学院-学生公寓
广东省广州市白云区,一品湖山
广东省广州市白云区一品湖山七巷,同和街道
广东省广州市白云区,一品湖山别墅
广东省广州市白云区,斯文井
广东省广州市荔湾区,岭南雅苑
广东省广州市白云区同康路,同康路287号
广东省广州市白云区,金德西苑
广东省广州市白云区,鹅掌坦
广东省广州市白云区鹅掌坦西街,鹅掌坦西街
广东省广州市白云区,富林居
广东省广州市白云区,铭润大厦
广东省广州市白云区,黄边北路
广东省广州市白云区西街三巷,好又平超市
广东省广州市白云区黄庄中路大街,大源山庄
广东省广州市白云区,斯文井社区
广东省广州市白云区,同和街道
广东省广州市白云区,白云区
广东省广州市白云区,集贤北东街
广东省广州市白云区,钟落潭镇
广东省广州市白云区,广州市白云区教育局
广东省广州市白云区,广州市白云区江高海能汽车美容店
广东省广州市白云区,荷塘月色
广东省广州市白云区,燕塘牛奶
广东省广州市白云区江夏村西街,江夏村
广东省广州市白云区江夏西街,江夏西街24号
广东省广州市白云区,穗和家园二期
广东省广州市白云区,翠悦湾
广东省广州市白云区,富力阳光美居
广东省广州市白云区,飞机票
广东省广州市白云区菜园新村六巷,白云区
广东省广州市白云区,海棠居
广东省广州市白云区,广州市白云区人和镇西湖村民委员会
广东省广州市白云区,益禾堂(仲恺店)
广东省广州市白云区集贤北南街,集贤北南街
广东省广州市白云区黄石东路,黄石东路175号
广东省广州市白云区广州大道北,广州大道北118号
广东省广州市花都区凤凰北路,凤凰北路11-21
广东省广州市花都区凤凰北路,凤凰北路30号
广东省广州市花都区,华安公寓
广东省广州市花都区宝华路,宝华路49号
广东省广州市花都区,伊人公寓
广东省广州市花都区,瑞鑫公寓
广东省广州市花都区,浩浩公寓
广东省广州市花都区,大松园三巷与凤凰北路交叉口
广东省广州市花都区,爱情公寓
广东省广州市花都区,天马丽苑
广东省广州市花都区,天马河公馆2期
广东省广州市花都区,学府花园
广东省广州市花都区,尚客优快捷酒店(盘古路店)
广东省广州市花都区龙珠路,龙珠路41号
广东省广州市花都区,田美河
广东省广州市花都区,天马丽苑二期
广东省广州市花都区光明路,学府花园
广东省广州市花都区学府路,学府路2号
广东省广州市花都区学府路,学府路3号
广东省广州市花都区光明路,光明路5号
广东省广州市花都区望亭路,望亭路15号
广东省广州市花都区华港大道,花港大道
广东省广州市花都区,广东省岭南工商第一技师学院
广东省广州市花都区花港大道,花港大道36号
广东省广州市花都区,佳豪公寓
广东省广州市花都区,新华
广东省广州市花都区,利华电梯公寓
广东省广州市花都区,田美村
广东省广州市花都区,马鞍山1号
广东省广州市花都区,女子养生馆
广东省广州市花都区,元烽耀商务大夏
广东省广州市花都区凤凰北路,凤凰北路26-28
广东省广州市花都区凤凰北路,凤凰北路26号
广东省广州市花都区新宝华路,A+创客
广东省广州市花都区,至尚健身(曙光路店)
广东省广州市花都区,龙珠市场
广东省广州市荔湾区,欧家园
广东省广州市荔湾区,广州市荔湾区人民法院
广东省广州市荔湾区康王中路,康王中路600号
广东省广州市荔湾区,华林国际誉领
广东省广州市荔湾区,工商行政管理所
广东省广州市荔湾区,洞神坊社区居委会
广东省广州市荔湾区,广州加和城
广东省广州市荔湾区,重庆八哥酸菜鱼(龙津路分店)
广东省广州市荔湾区,洞神坊社区
广东省广州市荔湾区,广州市荔湾区龙溪小学
广东省广州市黄埔区开创大道,开创大道230号
广东省广州市黄埔区,鼎月缤纷广场
广东省广州市黄埔区府谷街,万科金色梦想
广东省广州市白云区科丰路,科丰路89号
广东省广州市越秀区,海印广场(大沙头路店)
广东省广州市越秀区,金中大厦
广东省广州市越秀区环市东路,环市东路420号
广东省广州市越秀区环市东路,环市东路417号
广东省广州市黄埔区,百事佳亨晖广场
广东省广州市黄埔区,华为
广东省广州市黄埔区,百事佳商业广场
广东省广州市黄埔区,广州捷昌道路工程有限公司
广东省广州市黄埔区,东悦路与东悦一街交叉口
广东省广州市黄埔区友谊路,友谊路1号
广东省广州市黄埔区,东悦一街
广东省广州市黄埔区,广州市黄埔区政府荔联街道办事处
广东省广州市黄埔区,沧联社区
广东省广州市黄埔区,长洲岛
广东省广州市黄埔区,辛亥革命纪念馆-羊城小市长林
广东省广州市黄埔区,黄船幼儿园
广东省广州市黄埔区黄埔东路,依洁洗衣施柏丽干洗连锁(南岗店)
广东省广州市黄埔区,黄埔军校旧址纪念馆
广东省广州市黄埔区北社街15巷,塘头村
广东省广州市黄埔区,荔联街道
广东省广州市黄埔区大沙东路,大沙东路208-254号
广东省广州市黄埔区科丰路,科丰路89号
河北省廊坊市广阳区新华路,新华路105号
河南省开封市兰考县,文明路与振兴路交叉口
河南省开封市尉氏县,小状元办公文具
河南省开封市龙亭区,青年城
河南省开封市龙亭区,圣桦城
河南省开封市顺河回族区,开封市质监检验测试中心业务服务大厅
河北省张家口市宣化区南大街,南大街48号
河北省张家口市桥东区胜利北路,胜利北路169号
河北省张家口市桥西区,河北省张家口市桥西区桥西区新华街街道至善街1号尚峰广场美食广场B1尚峰美食坊杨翔豆皮涮牛肚
河北省张家口市桥西区至善街,至善街1号
河北省张家口市涿鹿县,中华城
河北省张家口市涿鹿县,郡城瑞居
河北省张家口市涿鹿县,涿鹿镇
河北省张家口市涿鹿县,矾山镇
江苏省徐州市云龙区,男1号
江苏省徐州市云龙区,康馨园C区
江苏省徐州市泉山区,翟山街道
江苏省徐州市泉山区淮海西路,淮海西路139号
江苏省徐州市邳州市,四户镇
江苏省徐州市邳州市,88手机连锁(四户指定专营店)
江苏省徐州市邳州市,邳州市四户中学
江苏省徐州市邳州市,澳柯玛电动车四户直营店
江苏省徐州市邳州市,邳州市炮车街道人大
江苏省徐州市铜山区北京路,北京路19号
江苏省徐州市贾汪区,美的城
江苏省徐州市鼓楼区,鼓楼区
江苏省徐州市鼓楼区,和信缤纷城
江苏省徐州市鼓楼区,和信广场二期
江苏省徐州市贾汪区,月星环球商业中心-A区
江苏省徐州市鼓楼区,徐州飞启信息技术有限公司
江苏省徐州市贾汪区,月星公馆
江苏省徐州市鼓楼区,祥和宴
江苏省徐州市贾汪区徐海路,徐海路8号
江苏省徐州市贾汪区,月星环球商业中心
江苏省徐州市贾汪区,星月快捷酒店(徐州月星环球港高铁站店)
江苏省徐州市贾汪区,环球港广场
江苏省徐州市鼓楼区,金山桥大厦
江苏省徐州市鼓楼区徐海路,桃园小区
江苏省徐州市鼓楼区,淮东国际家具广场
江苏省徐州市鼓楼区中山北路,中山北路29
山西省忻州市宁武县,东寨镇
山西省忻州市定襄县,晋昌镇
广东省惠州市惠东县,农科地商行
广东省惠州市惠东县,兴业银行(怡景湾花园支行)
广东省惠州市惠东县,怡翠花园
广东省惠州市惠东县,大岭镇
广东省惠州市惠东县,怡景湾
广东省惠州市惠东县,TR HAIRSALON
广东省惠州市惠东县,金江景逸
广东省惠州市惠城区,阿寿的店
广东省惠州市惠东县,吉隆镇
广东省惠州市惠东县,十二托
广东省惠州市惠东县,上大林
广东省惠州市惠东县,惠东产业转移工业园
广东省惠州市惠东县,摩码菱丽光电材料有限公司
广东省惠州市惠东县,富乐工业区
广东省惠州市惠东县老冯路南路,大岭镇
广东省惠州市惠东县,大岭学校
广东省惠州市惠东县滨江路,摩码菱丽光电材料有限公司
广东省惠州市惠东县,珠三角转移工业园
广东省惠州市惠东县,大岭镇卫生院
广东省惠州市惠东县,大岭镇爱丁堡第六幼儿园
广东省惠州市惠东县广汕四路,大岭镇
广东省惠州市惠东县,现代预拌混凝土公司
广东省惠州市惠东县洲北路,大岭镇
广东省惠州市惠东县细岗东三街,大岭镇
广东省惠州市惠东县老冯路,大岭镇
广东省惠州市惠东县东翔路,大岭镇
广东省惠州市惠东县面房街,惠东大岭镇卫生院
广东省惠州市惠东县侨金路,迎宾汽车美容店
广东省惠州市惠东县金路,惠东华侨城
广东省惠州市惠东县,平山街道
广东省惠州市惠东县,惠东县泰园片区经济适用房廉租住房-东门
广东省惠州市惠东县葫芦岭二巷,平山镇
广东省惠州市惠东县,平山镇
广东省惠州市惠东县,梁化镇
广东省惠州市惠东县,白花镇
广东省惠州市惠东县,三洲村
广东省惠州市惠东县人人民三路,福建力天五金
广东省惠州市惠东县人民三路,人民三路90号
广东省惠州市惠东县,力天世纪电脑科技中心
广东省惠州市惠东县,星感觉烫染城
广东省惠州市惠城区六角巷,六角巷26号
广东省惠州市惠城区,克拉美甲
广东省惠州市惠城区,金世界花园
广东省惠州市惠城区南岸路,南岸路99号
广东省惠州市惠城区,嘉逸园
广东省惠州市惠城区,佳佳福
广东省惠州市惠城区,惠州市峰达彩印有限公司
广东省惠州市惠城区,虾村
广东省惠州市惠城区,康乐中心(云山西路)
广东省惠州市惠东县,惠东县人民法院
广东省惠州市惠城区,停车场
广东省惠州市惠城区,数码街社区居委会
广东省惠州市惠城区,汝湖虾村
广东省惠州市惠城区,汝湖镇
广东省惠州市惠城区,家家福百货
广东省惠州市惠城区,家家福超市
广东省惠州市惠城区,江北三新幼儿园
广东省惠州市惠城区新围路,新围路67
广东省惠州市惠城区新围路,新围路78号
广东省惠州市惠城区,虾尾岭
广东省惠州市惠城区新历路,茶花小居
广东省惠州市惠城区源新二路,永兴隆商行
广东省惠州市惠城区环城东路,环城东路
广东省惠州市惠城区,惠城区
广东省惠州市惠城区,惠州经济职业技术学院
广东省惠州市惠城区,马安镇
广东省惠州市惠城区,龙丰街道
广东省惠州市惠阳区,普洛斯物流园
广东省惠州市惠阳区安慧大道,鑫运休闲渔船码头
四川省成都市双流区,双兴第二社区
四川省成都市双流区正西街,正西街43号
四川省成都市成华区,华润二十四城一期5号楼
四川省成都市成华区,华润中心·万象润街五期
四川省成都市成华区,华润·二十四城
四川省成都市成华区,华润·二十四城-六期
四川省成都市成华区,华润·熙云府5号楼
四川省成都市成华区双庆路,双庆路16号
四川省成都市成华区双成三路,双成三路16号
四川省成都市成华区双成三路,双成三路17号
四川省成都市成华区双成三路,双成三路18号
四川省成都市成华区双福三路,双福三路66号
四川省成都市成华区,成发·紫东芯座
四川省成都市成华区,双庆路16号6栋
四川省成都市成华区,成发·紫东芯座3栋
四川省成都市成华区,成都紫芯公寓
四川省成都市成华区,华润二十四城五期6号楼
四川省成都市成华区,华润二十四城二期
四川省成都市成华区双城三路,双城三路17号
四川省成都市成华区双成三路,双成三路15号
四川省成都市成华区,华润二十四城二期麻将室
四川省成都市成华区,成发·紫东芯座5栋
四川省成都市成华区,Mosa Studio沐莎美甲美睫纹绣(万象城店)
四川省成都市成华区双成二路,双成二路15
四川省成都市成华区双福二路,双福二路
四川省成都市成华区双福四路,成发·紫东芯座
四川省成都市成华区建设路,建设路18
四川省成都市成华区建设路,建设路19号
四川省成都市成华区长天路,长天路11号
四川省成都市成华区,成发·紫东芯座1栋
四川省成都市成华区,成发·紫东芯座2栋
四川省成都市成华区,二十四城文化馆
四川省成都市成华区,上东国际
四川省成都市双流区,包好吃华阳正北街店
四川省成都市新都区斑竹大道,斑竹源酒店
四川省成都市新都区竹韵大道,竹韵大道163号
四川省成都市新都区竹韵大道,竹韵大道99号
四川省成都市新都区新丰路,新丰桥
四川省成都市郫都区,1226餐吧
四川省成都市新都区正西街,正西街101号
四川省成都市新都区东湖路,东湖路17号
四川省成都市新都区,东湖路与聚贤街交叉口
四川省成都市新都区东环路,东环路104号
四川省成都市新都区小南街,小南街65号
四川省成都市新都区,新繁豆瓣抄手(新都店)
四川省成都市新都区新丰路,新繁镇
四川省成都市新都区,新繁镇
四川省成都市新都区,新繁丽人(总店)
四川省成都市新都区正西街,正西街102号
四川省成都市新都区正西街,正西街106号
四川省成都市新都区正西街,正西街84号
四川省成都市新都区滨江西路,滨江西路
四川省成都市新都区,新都区斑竹园镇忠义社区居民委员会
四川省成都市新都区竹韵大道,竹韵大道126-128
四川省成都市新都区,桂湖摩尔新繁店
四川省成都市武侯区,簇锦家园B区
四川省成都市武侯区紫藤路,紫藤路3号
四川省成都市武侯区紫藤路,紫藤路4号
四川省成都市武侯区大石南路,大石南路198号
四川省成都市武侯区大石西路,大石西路249
四川省成都市武侯区广福桥正街,广福桥正街28号
四川省成都市武侯区百吉街,百吉街52号
四川省成都市武侯区聚龙路,聚龙路988号
四川省成都市温江区,四川农业大学(成都校区)
四川省成都市郫都区幸福路,幸福路169号
四川省成都市金牛区,禾嘉副食
四川省成都市金牛区王家巷,王家巷26号
四川省成都市金牛区,新桥逸景C区4号楼
四川省成都市金牛区,泰丰御园
四川省成都市成华区双成三路,华润·万象城
四川省成都市青羊区光明巷,光明巷108
四川省成都市青羊区光明巷,光明巷81
四川省成都市青羊区内姜街,内姜街78
四川省成都市青羊区内姜街,内姜街85号
四川省成都市青羊区太升南路,太升南路288号
四川省成都市青羊区太升南路,太升南路222号
四川省成都市青羊区,太升南路与忠烈祠西街交叉口
四川省成都市青羊区,赛格广场
四川省成都市青羊区太升南路,太升南路3
四川省成都市青羊区,太升路
四川省成都市青羊区,童子街庭苑1栋
四川省成都市青羊区,童子街庭院停车场
四川省成都市锦江区忠烈祠西街,忠烈祠西街
四川省成都市青羊区忠烈祠西街,忠烈祠西街23
四川省成都市青羊区忠烈祠西街,小林专修电动车
四川省成都市青羊区忠烈祠西街,忠烈祠西街78号
四川省成都市青羊区忠烈祠西街,忠烈祠西街91号
四川省成都市青羊区忠烈祠西街,忠烈祠西街94
四川省成都市青羊区,文家场街道
四川省成都市青羊区,天盛·壹中心
四川省成都市武侯区忠烈祠西街,酷爱鲜花
江苏省扬州市江都区江淮路,江淮路1号
江苏省扬州市邗江区邗江中路,邗江中路302号
江苏省扬州市邗江区,天惠数码广场
江苏省扬州市邗江区,阿许数码通讯
江苏省扬州市邗江区,富丽康城5栋
江苏省扬州市邗江区,富丽康城
江苏省扬州市邗江区润扬南路,润扬南路9号
江苏省扬州市邗江区,西郡188花园
江苏省扬州市高邮市通湖路,通湖路215号
河北省承德市双桥区,丽景华庭北区7号楼
河北省承德市双桥区,桃李苑
辽宁省抚顺市东洲区,东洲公安分局
辽宁省抚顺市顺城区,彤德莱火锅
辽宁省抚顺市新抚区,福特来洗车联盟(十二道街店)
辽宁省抚顺市新抚区,十二道街
辽宁省抚顺市新抚区,新抚区
辽宁省抚顺市新抚区,三星专卖店
辽宁省抚顺市新抚区,新光大三星手机(旗舰店)
辽宁省抚顺市新抚区,road mate
辽宁省抚顺市新抚区,回民幼儿园-西门
辽宁省抚顺市新抚区,晚年关怀养老院
辽宁省抚顺市新抚区,爱心养老院
辽宁省抚顺市望花区,社会主义大锅台
辽宁省抚顺市顺城区,三星专卖店售后维修中心(新华大街店)
辽宁省抚顺市新抚区,银聚投资
西藏自治区拉萨市城关区,城关区
西藏自治区拉萨市堆龙德庆区,堆龙德庆区
广东省揭阳市榕城区,玉城村
广东省揭阳市惠来县,陈陇村
广东省揭阳市揭东区,缶灶村
广东省揭阳市揭东区,揭东缶灶社区
广东省揭阳市普宁市,下架山镇
广东省揭阳市普宁市,西湖加油站
广东省揭阳市普宁市,普宁市人民医院
广东省揭阳市普宁市,大参林药店(引榕路店)
广东省揭阳市普宁市,亮视点眼镜
广东省揭阳市普宁市,流沙大道西
广东省揭阳市普宁市,娃娃机
广东省揭阳市普宁市,红桂坊酒店
广东省揭阳市普宁市,军埠镇
广东省揭阳市普宁市,占陇镇
广东省揭阳市普宁市,体育西路
广东省揭阳市普宁市,军埠牛肉店
广东省揭阳市普宁市,普宁市占陇镇政府
广东省揭阳市普宁市,占陈幼儿园
广东省揭阳市普宁市,普宁市工商局占陇工商所
广东省揭阳市普宁市毛家弄,西湖加油站
广东省揭阳市普宁市,裕胜车行
广东省揭阳市普宁市,西湖村
广东省揭阳市普宁市,西湖村村民委员会
广东省揭阳市普宁市尚东步行街,喜年贡茶(普宁国际商品城店)
广东省揭阳市普宁市,美佳乐广场
广东省揭阳市普宁市,普宁市占陇镇委
广东省揭阳市普宁市,美佳乐购物广场
广东省揭阳市普宁市,中国·普宁国际商品城
广东省揭阳市普宁市,里湖茶叶专业市场
广东省揭阳市榕城区,苏宁电器(揭阳寰宇大厦店)
河南省新乡市封丘县,文化路中段旧城改造项目筹备处
河南省新乡市封丘县,封丘丽都商务宾馆
河南省新乡市红旗区,新乡宝龙广场
河南省新乡市红旗区,宝龙钻石公寓3号楼
河南省新乡市红旗区,桔子水晶酒店
河南省新乡市红旗区,新乡聚友咖快捷酒店
河南省新乡市红旗区,宝龙钻石公寓
河南省新乡市红旗区,河南工学院(新校区)
河南省新乡市红旗区,金谷时代广场
河南省新乡市长垣县,皇朝·欧美布艺
河南省新乡市长垣县,城关镇南关中心小学
河南省新乡市长垣县,南蒲街道
河南省新乡市长垣县,南关卫生室
河南省新乡市长垣县,风味小吃
河南省新乡市长垣县,赵记烩面和餐厅
河南省新乡市长垣县区县前街,小七蔬菜大全配送
河南省新乡市长垣县,长垣县图书馆
河南省新乡市长垣县,长垣县
江西省新余市分宜县,分宜镇
江西省新余市渝水区城北街道,城北街道
江苏省无锡市梁溪区,禾嘉国际酒店式公寓
江苏省无锡市梁溪区,协信未来城8栋(会西路)
江苏省无锡市梁溪区,禾嘉大厦
江苏省无锡市梁溪区,孔雀城二期
江苏省无锡市梁溪区,孔雀雅园
江苏省无锡市梁溪区,无锡孔雀雅园物业服务中心
江苏省无锡市宜兴市,五星电器广场
江苏省无锡市宜兴市,文化大厦
江苏省无锡市宜兴市,英煌娱乐
江苏省无锡市宜兴市解放东路,YOME
江苏省无锡市梁溪区人民西路,人民西路62号
江苏省无锡市梁溪区兴源中路,兴源中路80号
江苏省无锡市梁溪区,蔚蓝观邸
江苏省无锡市梁溪区中山路,中山路555号
江苏省无锡市惠山区吴韵路,吴韵路321号
江苏省无锡市惠山区海瑞路,海瑞路122号
江苏省无锡市梁溪区,芦庄(一区)
江苏省无锡市滨湖区,仙河苑二期
江苏省无锡市滨湖区,绿城·玉兰花园
江苏省无锡市锡山区团结中路,团结中路3号
山东省日照市东港区,大润发-入口
山东省日照市东港区奎安路,奎安路43号
山东省日照市东港区,海曲东路与兖州路交叉口
山东省日照市东港区黄海一路,黄海一路44号
山东省日照市东港区,日照高新技术产业园区
云南省昆明市西山区,云纺东南亚商城
山西省晋中市寿阳县,西洛镇
云南省曲靖市麒麟区,瑞和新城瑞华苑
云南省曲靖市麒麟区麒麟南路,麒麟南路51号
云南省曲靖市麒麟区,真宝果业
浙江省杭州市上城区道路,华藏寺巷
浙江省杭州市上城区华藏寺巷,华藏寺巷
浙江省杭州市上城区华藏寺巷,华藏寺巷3幢
浙江省杭州市上城区华藏寺巷,华东大药房(天方药店)
浙江省杭州市上城区,大学路新村
浙江省杭州市上城区,铭扬大厦
浙江省杭州市下城区庆春路,庆春路122号
浙江省杭州市江干区,中国人民解放军第117医院(机场路分院)
浙江省杭州市下城区,中粮·方圆府
浙江省杭州市上城区,华藏寺巷
浙江省杭州市下城区,嘉德广场
浙江省杭州市下城区,杭州新天地中心
浙江省杭州市下城区杭玻街,杭玻街756号
浙江省杭州市下城区,之俊大厦
浙江省杭州市江干区,保利·江语海6号楼
浙江省杭州市江干区,下沙街道
浙江省杭州市江干区,下沙·铭都雅苑
浙江省杭州市江干区,多蓝水岸
浙江省杭州市江干区,多蓝水岸小区蓝波苑12幢
浙江省杭州市江干区,多蓝水岸社区老年活动中心
浙江省杭州市富阳区,凤凰苑(凤浦路)
浙江省杭州市江干区,野风·海天城
浙江省杭州市江干区,野风海天城14号楼
浙江省杭州市江干区,白杨街道
浙江省杭州市余杭区,乔司镇大井小学
浙江省杭州市余杭区,杭州市余杭区政府五常街道办事处
浙江省杭州市余杭区,杭州厚源纺织品有限公司
浙江省杭州市余杭区,南苑街道
浙江省杭州市余杭区,杭州市塘栖镇政府
浙江省杭州市余杭区,西溪水岸花苑
浙江省杭州市余杭区,余杭区
浙江省杭州市余杭区,运河镇人民政府
浙江省杭州市余杭区世纪大道,世纪大道1号
浙江省杭州市拱墅区,上塘街道
浙江省杭州市拱墅区上塘路,上塘路386号
浙江省杭州市拱墅区,拱墅区
浙江省杭州市拱墅区,浙江九欣医药有限公司
浙江省杭州市拱墅区,葛葛通讯
浙江省杭州市拱墅区上塘路,上塘路386,
浙江省杭州市拱墅区上塘路,上塘路388号
浙江省杭州市拱墅区,杭州通信器材市场
浙江省杭州市拱墅区,大关小区
浙江省杭州市拱墅区,大关街道南苑
浙江省杭州市拱墅区,海外海020通讯商城
浙江省杭州市拱墅区,钱江通讯市场
浙江省杭州市拱墅区,大关西四苑-东门
浙江省杭州市拱墅区八丈井东路,八丈井东路335
浙江省杭州市拱墅区半山路,半山路620号
浙江省杭州市拱墅区,和新北苑6幢
浙江省杭州市拱墅区,和新北苑
浙江省杭州市拱墅区,汐韵宝贝童装
浙江省杭州市拱墅区,通策·和睦院
浙江省杭州市拱墅区,和美住宿
浙江省杭州市拱墅区,大关东(四苑)
浙江省杭州市拱墅区,大关南二苑25号楼
浙江省杭州市拱墅区,大关南(七苑)
浙江省杭州市拱墅区,大关南一苑46幢
浙江省杭州市拱墅区,大关南四苑
浙江省杭州市拱墅区,大关南(三苑)
浙江省杭州市拱墅区,大关东(六苑)
浙江省杭州市拱墅区,大关东(五苑)
浙江省杭州市拱墅区,大关南五苑8幢
浙江省杭州市拱墅区,大关南七苑10幢
浙江省杭州市拱墅区,新青年广场
浙江省杭州市拱墅区,大关南九苑2幢
浙江省杭州市拱墅区,海外海通信大厦
浙江省杭州市拱墅区大关苑路,大关苑路
浙江省杭州市拱墅区,大关苑路
浙江省杭州市拱墅区,大关南二苑14号楼
浙江省杭州市拱墅区大关街道,大关街道
浙江省杭州市拱墅区大关街道,大关东七苑
浙江省杭州市拱墅区,杭州海外海通信大厦酒店-KTV
浙江省杭州市拱墅区,大关东四苑9号楼
浙江省杭州市拱墅区,八丈井
浙江省杭州市拱墅区,爱梅足浴保健
浙江省杭州市拱墅区,鑫果美容美发
浙江省杭州市拱墅区,大关南六苑15幢
浙江省杭州市拱墅区,大关南(一苑)
浙江省杭州市拱墅区大浒街道,大关街道
浙江省杭州市拱墅区,德胜新村
浙江省杭州市拱墅区德苑路,德苑路16号
浙江省杭州市拱墅区,杭州海外海通信大厦
浙江省杭州市拱墅区,长乐(北苑)
浙江省杭州市拱墅区,大关街道
浙江省杭州市拱墅区长乐路,长乐路20号
浙江省杭州市拱墅区,香吉公寓1幢
浙江省杭州市拱墅区,大浒东苑
浙江省杭州市拱墅区,和新北苑4幢
浙江省杭州市拱墅区康桥路,康桥路75号
浙江省杭州市拱墅区,拱墅区社区服务中心
浙江省杭州市下城区,银座养生会所
浙江省杭州市余杭区,小李电脑
浙江省杭州市拱墅区,杭州市公安局拱墅区分局
浙江省杭州市拱墅区,万通中心
浙江省杭州市拱墅区大关南上塘路,杭州海外海皇冠大酒店
浙江省杭州市拱墅区,海外海通信大厦酒店
浙江省杭州市拱墅区,海外海杭州商城
浙江省杭州市拱墅区,海外海通信O2O商城
浙江省杭州市下城区,城北体育公园羽毛球馆
浙江省杭州市拱墅区,绿地中央广场1幢-正门
浙江省杭州市拱墅区,长乐路与长乐路20弄交叉口
浙江省杭州市拱墅区香积寺路,香积寺路250-300
浙江省杭州市拱墅区香积寺路,香积寺路287号
浙江省杭州市拱墅区上塘路,上塘路456号
浙江省杭州市拱墅区,杭州钱江市场美尚接发店
浙江省杭州市拱墅区杭行路,杭行路666号
浙江省杭州市下城区,杭州新天地
浙江省杭州市江干区,新城市广场
浙江省杭州市江干区秋涛北路,秋涛北路128号
浙江省杭州市江干区新塘路,新塘路111号
浙江省杭州市江干区,秋涛北路与秋涛北路一弄交叉口
浙江省杭州市拱墅区上塘路,海外海通信大厦
浙江省杭州市滨江区,波菲·浙江幼品教育科技有限公司
浙江省杭州市滨江区,钱龙大厦
浙江省杭州市滨江区江南大道,江南大道288号
浙江省杭州市萧山区,中国移动
浙江省杭州市萧山区,义蓬路
浙江省杭州市萧山区义蓬中路,义蓬中路596-604号
浙江省杭州市萧山区,义蓬街道
浙江省杭州市萧山区,萧山区人民法院义蓬人民法庭
浙江省杭州市萧山区,小胖川菜馆(头蓬街)
浙江省杭州市萧山区,义蓬购物中心
浙江省杭州市萧山区头蓬农贸路,头蓬农贸路
浙江省杭州市萧山区,义蓬街道头蓬社区居委会
浙江省杭州市萧山区农贸路,农贸路2号
浙江省杭州市萧山区农贸路,农贸路38号
浙江省杭州市萧山区河西路,河西路57号
浙江省杭州市萧山区河西路,河西路59号
浙江省杭州市萧山区,金蜂小区
浙江省杭州市萧山区,中国体育彩票
浙江省杭州市萧山区,义蓬第二小学
浙江省杭州市萧山区,头蓬
浙江省杭州市萧山区,杭州大江东医院
浙江省杭州市萧山区,义蓬购物中心写字楼
浙江省杭州市萧山区,头蓬桥
浙江省杭州市萧山区市心中路,市心中路789号
浙江省杭州市萧山区,杭州开元名都大酒店
浙江省杭州市萧山区,西许村班里周41号楼
浙江省杭州市萧山区河西路,河西路16号
浙江省杭州市萧山区河西路,河西路28号
浙江省杭州市萧山区,杭州市萧山区政府
浙江省杭州市萧山区,小胖面馆
浙江省杭州市萧山区,都市丽人
浙江省杭州市萧山区永丰路,永丰路104号
浙江省杭州市西湖区,慧仁家园南区7幢
浙江省杭州市西湖区,三墩镇厚仁路商业特色街
浙江省杭州市西湖区,慧仁家园恒慧苑8幢
浙江省杭州市西湖区,303生活广场
浙江省杭州市西湖区,骨师傅金华砂锅(新天地商业中心店)
浙江省杭州市西湖区,慧仁家园(南区)
浙江省杭州市西湖区,慧仁家园
浙江省杭州市西湖区,厚仁家园
浙江省杭州市西湖区,跑跑熊婴童生活馆(三墩慧仁店)
浙江省杭州市西湖区,慧仁棋牌会所
浙江省杭州市西湖区教工路,教工路23号
浙江省杭州市西湖区文二西路,文二西路226号
浙江省杭州市西湖区文二西路,文二西路228号
浙江省杭州市西湖区,文一路与文一西路交叉口
浙江省杭州市西湖区,文三路与文三西路交叉口
浙江省杭州市西湖区文一西路,文一西路175-177号
浙江省杭州市西湖区文三西路,文三西路118号
山东省枣庄市市中区,中央广场
山东省枣庄市薛城区,安泰花园
广东省梅州市丰顺县,黄家祠生鸡零售批发
广东省梅州市丰顺县,细堂手机
广东省梅州市兴宁市农民街,农民街
广东省梅州市兴宁市兴田一路,兴田一路32-34号
广东省梅州市梅县区,凯达豪庭
广东省梅州市梅县区,钻石花园A6栋
广东省梅州市梅县区,畲江镇
广东省梅州市梅县区,宝嘉丽湾
广东省梅州市梅江区彬芳大道,彬芳大道51号
广东省梅州市梅江区,鸿都世纪广场
湖北省武汉市汉阳区,桥机嘉园
湖北省武汉市江夏区,佛祖岭社区-C区
湖北省武汉市江夏区,佛祖岭C区1号楼
湖北省武汉市江夏区,流芳街道
湖北省武汉市江夏区,佛祖岭社区
湖北省武汉市江夏区,当代卡梅尔小镇
湖北省武汉市江岸区,尚德里
湖北省武汉市江岸区中山大道,中山大道715号
湖北省武汉市江岸区,武汉聚星北斗航天科技有限公司
湖北省武汉市江岸区,大智公寓B座
湖北省武汉市江岸区,大智公寓
湖北省武汉市江岸区,大智商城
湖北省武汉市江岸区,大智嘉园(Ⅰ区)
湖北省武汉市江岸区,周黑鸭(循礼门地铁店)
湖北省武汉市江岸区,大智路与中山大道交叉口
湖北省武汉市江岸区交易街,交易街28号
湖北省武汉市江岸区,数码港大楼
湖北省武汉市江岸区,新成里旧址
湖北省武汉市江岸区,格格屋
湖北省武汉市江汉区,格格屋
湖北省武汉市江岸区,大智街阳光家园
湖北省武汉市江岸区,武汉铁路黄埔住宅小区
湖北省武汉市江岸区后湖大道,新生活摩尔城
湖北省武汉市洪山区,融科·珞瑜中心T1公寓
湖北省武汉市硚口区,武汉市第一医院
湖北省武汉市江汉区,世纪江尚2号楼
湖北省武汉市江汉区解放大道,解放大道557号
湖北省武汉市江汉区,江汉开发区
湖北省武汉市洪山区,华中师范大学新农学校
湖北省武汉市洪山区,卓刀泉广场
湖北省武汉市洪山区,红旗欣居(B区)
湖北省武汉市洪山区广八路,广八路163号
湖北省武汉市洪山区欢乐大道,欢乐大道166号
湖北省武汉市洪山区,珞喻路社区
湖北省武汉市洪山区珞喻路,珞喻路189号
湖北省武汉市洪山区珞喻路,珞喻路193号
湖北省武汉市洪山区珞喻路,珞喻路196号
湖北省武汉市洪山区珞喻路,珞喻路197号
湖北省武汉市洪山区珞喻路,珞喻路198号
湖北省武汉市洪山区珞喻路,珞喻路200号
湖北省武汉市洪山区珞喻路,珞喻路201号
湖北省武汉市洪山区珞喻路,珞喻路202号
湖北省武汉市洪山区珞瑜路,珞瑜路201号
湖北省武汉市洪山区,洪山区
湖北省武汉市洪山区,红旗欣居B区6栋
湖北省武汉市洪山区虎泉街,虎泉街99号
湖北省武汉市洪山区,教师小区
湖北省武汉市洪山区,教师小区3栋
湖北省武汉市洪山区,梅苑宾馆(鲁磨路店)
湖北省武汉市洪山区,幽斋刺青创作屋
湖北省武汉市洪山区,武汉信诺通科技有限公司
湖北省武汉市洪山区,融科·珞瑜中心
湖北省武汉市洪山区,武汉鑫立德科技有限公司
湖北省武汉市洪山区珞瑜路,珞瑜路95号
湖北省武汉市洪山区,白洋桥鑫园小区5栋
湖北省武汉市洪山区,珞南街街道
湖北省武汉市黄陂区,08经典
广东省汕头市潮南区,溪口居委会
广东省汕头市潮南区,兴溪路
广东省汕头市潮南区,陈店镇
广东省汕头市潮南区,优购港货优品生活馆
广东省汕头市潮阳区,生活优港亲子游乐园
广东省汕头市澄海区,汇璟花园
广东省汕头市金平区,金平区
广东省汕头市金平区,海霸王大楼
广东省汕头市龙湖区,南方大厦
广东省汕头市龙湖区,绿园大厦
广东省汕头市龙湖区,龙祥街道
广东省汕尾市城区,龙富广场
广东省汕尾市海丰县,点点幼儿园
广东省汕尾市海丰县东一新村六巷,梅陇镇
广东省汕尾市海丰县,梅陇中心城
广东省汕尾市海丰县新兴南路,新兴南路64号
广东省汕尾市海丰县,威文大厦
广东省汕尾市陆丰市,红桥安全文明小区
广东省汕尾市陆丰市,龙潭中路
广东省汕尾市陆丰市海滨路,海滨路192号
广东省汕尾市陆丰市,海滨路
广东省汕尾市陆丰市,海滨肠粉店
广东省汕尾市陆丰市,滨海大酒店
广东省汕尾市陆丰市,甲子金濠酒店
广东省汕尾市陆丰市,弘信金融有限公司
广东省汕尾市陆丰市北园路23巷,陆丰婚庆主持策划洪立公司
广东省汕尾市陆丰市新村九巷,碣石镇
广东省汕尾市陆丰市北园路23巷,弘信金融有限公司
广东省汕尾市陆丰市水厂街,碣石镇
广东省汕尾市陆丰市西北街,碣石镇
广东省汕尾市陆丰市,都行五金
广东省汕尾市陆丰市,碣石镇
广东省汕尾市陆丰市,菜园坑
广东省汕尾市陆丰市金狮北园路23巷,陆丰婚庆主持策划洪立公司
广东省汕尾市陆丰市,陆丰婚庆主持策划洪立公司
广东省汕尾市陆丰市流水街,流水街28号
广东省汕尾市陆丰市,陆丰市碣石大三元广告装饰服务部
广东省汕尾市陆河县,陆河县人民检察院
广东省江门市恩平市,堡城村
广东省江门市新会区徳汉街,德汉街
广东省江门市新会区德汉街,德汉街
广东省江门市新会区德汉街,德汉街28号
广东省江门市新会区德汉街,德汉街8号
广东省江门市蓬江区,莱茵华庭
广东省江门市蓬江区,利源
广东省江门市蓬江区,万达百货(江门店)
广东省江门市蓬江区,江门万达SOHO公寓
广东省江门市蓬江区钓台路,钓台路22号
广东省江门市蓬江区钓台路,钓台路24号
广东省江门市蓬江区钓台路,钓台路25号
广东省江门市蓬江区,塘步路住宅楼
广东省江门市蓬江区,江会路22号
广东省江门市蓬江区,钓台故址
辽宁省沈阳市和平区,辽宁沈阳市和平区辽宁省沈阳市浑南区浑南区五三街道三好街90号艾特5号楼2单元16楼3号8555
辽宁省沈阳市和平区,百脑汇(三好街店)
辽宁省沈阳市和平区,电脑医院
辽宁省沈阳市和平区,苹果专卖店
辽宁省沈阳市和平区,沈阳信息产业大厦
辽宁省沈阳市和平区三好街,三好街75号
辽宁省沈阳市和平区中华路,中华路57号
辽宁省沈阳市大东区,崇森益和(东中街店)
辽宁省沈阳市大东区,沈阳小商品大世界
辽宁省沈阳市大东区东顺城街,东顺城街19号
辽宁省沈阳市大东区,东顺城街
辽宁省沈阳市大东区,大商新玛特(小东路店)
辽宁省沈阳市大东区东顺城路,东顺城路17号
辽宁省沈阳市沈河区北顺城路,北顺城路
辽宁省沈阳市大东区小北关街,小北关街41号
辽宁省沈阳市浑南区,浑南区
辽宁省沈阳市皇姑区半屏山路,半屏山路32号
广东省河源市和平县东山路四巷,东山路第四巷
广东省河源市和平县,东山路第四巷
广东省河源市和平县,广发商行
广东省河源市和平县,阳明镇
广东省河源市源城区,东湖花园3
广东省河源市源城区,华业苑小区
广东省河源市源城区,康城超市
广东省河源市源城区,中心1号
广东省河源市源城区,华业大厦管理处
广东省河源市源城区,河源理工学校
广东省河源市源城区,河源职业技术学院
福建省泉州市丰泽区,泉州理工学院
福建省泉州市南安市,首信印刷厂
福建省泉州市惠安县青山街,下坑村
福建省泉州市石狮市,蚶江镇
福建省泉州市石狮市,壹家优品
福建省泉州市石狮市,湖滨街道
福建省泉州市石狮市辉濠路,辉濠路
山东省泰安市泰山区,三源家电公司
江苏省泰州市靖江市骥江路,骥江路236号
江苏省泰州市靖江市,骏马压路机厂
江苏省泰州市靖江市,骥江西路
江苏省泰州市靖江市,马桥镇
河南省洛阳市汝阳县,富凯天下城1号楼
河南省洛阳市洛龙区政和路,政和路19号
河南省洛阳市涧西区,洛铜三十四街坊
河南省洛阳市涧西区,九都西路与南昌路交叉口
河南省洛阳市老城区中州中路,中州中路251
河南省洛阳市西工区,大河通讯
山东省济南市历下区,牛阵泉城路店
山东省济南市历下区,泉城路
山东省济南市历下区,济南惠尔商厦
山东省济南市历下区泉城路,泉城路268号
山东省济南市天桥区,紫金山小区
山东省济南市天桥区济泺路,济泺路92号
山东省济南市天桥区,济南市天桥区环卫局
山东省济南市天桥区,北村西区社区
山东省济南市天桥区,缤纷五洲商业广场
山东省济南市天桥区,伯尔烤肉拌饭(缤纷五洲店)
山东省济南市市中区,市中区
河南省济源市济源市菜园新村六巷,济水街道
河南省济源市济源市,济水街道空中花园
河南省济源市济源市济源市空中花园六巷,济水街道
河南省济源市济源市,盛世大厦
河南省济源市济源市六巷,济水街道空中花园
河南省济源市济源市空中花园6巷,济水街道
山东省淄博市沂源县,沂蒙商城
安徽省淮南市凤台县,城关镇
安徽省淮南市凤台县,缪郢村
安徽省淮南市凤台县,徽府烟酒茶行
安徽省淮南市凤台县,徽府烟酒百货
安徽省淮南市凤台县,凤台县建委
江苏省淮安市涟水县,上海路
江苏省淮安市淮安区,东方希尔顿5号楼
江苏省淮安市淮安区,荷湖星城
江苏省淮安市淮安区,银河公馆
江苏省淮安市淮安区,淮安区
江苏省淮安市清江浦区淮海东路,淮海东路158号
江苏省淮安市清江浦区,一号生活大院
江苏省淮安市清江浦区,清江浦区
江苏省淮安市清江浦区,新潮家具店
江苏省淮安市清江浦区,凤凰新村
江苏省淮安市清江浦区,清河路与上海路交叉口
江苏省淮安市清江浦区,孙记龙虾馆
江苏省淮安市清江浦区,今生缘阿美龙虾
江苏省淮安市清江浦区,东方丽景三区7幢
江苏省淮安市清江浦区,中南世纪城
江苏省淮安市清江浦区,中天花园
江苏省淮安市清江浦区,中天西城商业广场
江苏省淮安市清江浦区,晶莹文具商店
江苏省淮安市清江浦区,凤凰新村南区
江苏省淮安市清江浦区,凤凰新村北区
江苏省淮安市清江浦区,三星数码
江苏省淮安市清江浦区,香格里拉
江苏省淮安市清江浦区,香格里拉三期
江苏省淮安市清江浦区,金马广场-北楼
江苏省淮安市清江浦区泥岗东路,清江浦区
江苏省淮安市清江浦区,曙光国际大酒店淮安店
江苏省淮安市清江浦区北京北路,北京北路108号
江苏省淮安市清江浦区,淮海西路
江苏省淮安市清江浦区淮海西路,淮海西路2号
江苏省淮安市清江浦区,城西花园
江苏省淮安市清江浦区,淮安市水利局
江苏省淮安市清江浦区,淮安市经济技术开发区
江苏省淮安市清江浦区,世袭领地
江苏省淮安市清江浦区,大润发(黄元小区南店)
江苏省淮安市清江浦区,孙家面馆(健康西路店)
江苏省淮安市清江浦区,大润发(淮安公园店)
江苏省淮安市清江浦区,金马广场
江苏省淮安市清江浦区,香格里拉一期
江苏省淮安市清江浦区,锦唐茶·餐
江苏省淮安市清江浦区,淮安市清河新区管委会
江苏省淮安市清江浦区,城南村
江苏省淮安市清江浦区,城南乡
江苏省淮安市清江浦区,富城路与通甫路交叉口
江苏省淮安市清江浦区,富源尚城
江苏省淮安市清江浦区,康乐佳苑
江苏省淮安市清江浦区,康体嘉苑
江苏省淮安市清江浦区,郁金蓝湾
江苏省淮安市金湖县,阿路美格新材料有限公司
江苏省淮安市金湖县,翰林世家
广东省深圳市宝安区将富路,将富路61号
广东省深圳市宝安区马山头康明居四巷,公明街道
广东省深圳市宝安区康明居四巷,马山头村
广东省深圳市宝安区康明居四巷,福临阁
广东省深圳市宝安区,牛肉粉面
广东省深圳市宝安区马山头康明居四巷,福临阁
广东省深圳市宝安区,福临阁
广东省深圳市南山区,阳光里
广东省深圳市南山区,天利中央广场
广东省深圳市南山区,珠光村
广东省深圳市南山区珠光路,珠光路268号
广东省深圳市南山区珠光路,珠光路294号
广东省深圳市南山区珠光路,珠光路295号
广东省深圳市福田区,福田村贝底田坊80号楼
广东省深圳市南山区,鸿丰金业
广东省深圳市南山区,康乐大厦
广东省深圳市南山区,海上世界
广东省深圳市南山区,海德三道与后海大道交叉口
广东省深圳市宝安区,前海
广东省深圳市坪山区金碧路,金碧路246号
广东省深圳市坪山区金碧路,金碧路258号
广东省深圳市坪山区,深圳市坪山新区组织人事局
广东省深圳市坪山区金碧路,金碧路244号
广东省深圳市坪山区奥兴街,坪山新区图书馆
广东省深圳市宝安区,深圳市成龙印刷有限公司
广东省深圳市宝安区,宝安大道与金海路交叉口
广东省深圳市宝安区,流塘76区(西区)
广东省深圳市宝安区,牛津数码
广东省深圳市龙华区,桂花新村
广东省深圳市龙华区,铭酒坊
广东省深圳市宝安区,宝安区
广东省深圳市宝安区,星窝青年创业公寓
广东省深圳市龙华区,沙元埔41栋
广东省深圳市宝安区,新福大厦
广东省深圳市罗湖区流塘新村1巷,深圳栖息地酒店式公寓
广东省深圳市宝安区,流塘新村
广东省深圳市宝安区桂花路,桂花路134
广东省深圳市龙华区,尚品雅居
广东省深圳市宝安区,石岩公学高中部国际部
广东省深圳市宝安区石岩塘坑路,石岩塘坑路21号
广东省深圳市宝安区罗租上新村5巷,石岩街道
广东省深圳市宝安区罗租上新村6巷,石岩街道
广东省深圳市宝安区塘坑路,塘坑路21号
广东省深圳市宝安区,塘尾村
广东省深圳市宝安区,塘尾十四区
广东省深圳市宝安区新四巷,塘尾十四区
广东省深圳市宝安区,西乡客运站
广东省深圳市宝安区共和工业路,共和工业路107号
广东省深圳市宝安区,星窝青年创业公寓(银田工业区C5部)
广东省深圳市宝安区,QQ公寓
广东省深圳市宝安区,QQ家公寓
广东省深圳市宝安区,希晨化妆造型(西乡店)
广东省深圳市宝安区,银田工业区
广东省深圳市宝安区,星窝公寓
广东省深圳市宝安区,盛世公寓
广东省深圳市宝安区,盛世阳光公寓
广东省深圳市宝安区,老兵商务大厦
广东省深圳市宝安区,青年公寓
广东省深圳市宝安区,西岸银座B座
广东省深圳市宝安区桂花路,桂花路135
广东省深圳市宝安区,观澜御厨
广东省深圳市龙华区,翁江地产
广东省深圳市龙华区,章阁华庭
广东省深圳市龙华区,魔方公寓(观澜店)
广东省深圳市宝安区,新华银兴国际影城(深圳店)
广东省深圳市宝安区,魔方公寓(洪浪北店)
广东省深圳市龙华区桂花路,桂花路134号
广东省深圳市龙华区,深圳市龙华公寓
广东省深圳市龙华区,郭吓村统建楼第3幢
广东省深圳市宝安区,创业二路与前进一路交叉口
广东省深圳市宝安区龙观路,龙观路1
广东省深圳市盐田区,上东酒店
广东省深圳市盐田区北山道,北山道28号
广东省深圳市盐田区,山边村27号楼
广东省深圳市盐田区,强利商店
广东省深圳市盐田区海鲜街,海鲜街33号
广东省深圳市盐田区,春天海
广东省深圳市盐田区,蔚蓝假日雅苑
广东省深圳市盐田区,渔民新村
广东省深圳市宝安区,深圳市宝安区安全生产执法监察大队
广东省深圳市盐田区,盐田区绿道全民健身广场(A)
广东省深圳市盐田区,东腾海鲜酒楼
广东省深圳市盐田区,山边村5号楼
广东省深圳市盐田区,盐田海鲜街
广东省深圳市盐田区,蔚蓝海湾苑
广东省深圳市福田区,福田区
广东省深圳市福田区,远望数码商城
广东省深圳市福田区,上步工业区205栋
广东省深圳市福田区,上步工业区
广东省深圳市福田区,顺电家居广场
广东省深圳市福田区,东方时代广场
广东省深圳市福田区,东方时代广场B座
广东省深圳市福田区,潮汕惠来肠粉
广东省深圳市福田区,锦龙花园
广东省深圳市福田区,深药大厦
广东省深圳市福田区北山道,深圳市祈飞科技有限公司
广东省深圳市福田区,曼哈数码广场正品行货交易中心
广东省深圳市福田区,深圳市沙头派出所
广东省深圳市福田区,桑达雅苑
广东省深圳市福田区,赛格科技园
广东省深圳市福田区华发南路,华发南路35号
广东省深圳市福田区,南园
广东省深圳市福田区,上步工业区18
广东省深圳市福田区,佳年外贸城
广东省深圳市福田区,田面新村
广东省深圳市福田区,田面新村田发楼2栋
广东省深圳市福田区,曼哈商业广场
广东省深圳市福田区,SONOS(顺电家居专柜)
广东省深圳市福田区,华强北
广东省深圳市福田区,华新小区HX5栋
广东省深圳市福田区,华强北商城
广东省深圳市福田区振华路,振华路85-1
广东省深圳市福田区,四哥科技
广东省深圳市福田区,新曼哈社区服务中心
广东省深圳市福田区金树街,华强北
广东省深圳市福田区,曼哈数码广场A座-东门
广东省深圳市福田区,深圳洪海达泰科技(曼哈数码城C座A1105)
广东省深圳市福田区,曼哈数码广场
广东省深圳市福田区,深纺大厦
广东省深圳市福田区,NICO女人名店
广东省深圳市福田区,老纪南城(华强北曼哈广场店)
广东省深圳市福田区,茂业百货(深圳深南店)
广东省深圳市福田区,远望数码城
广东省深圳市福田区,宏远士多店
广东省深圳市福田区,华联发综合楼
广东省深圳市福田区,华强北街道
广东省深圳市福田区,华强北路
广东省深圳市福田区,东风建业公司
广东省深圳市福田区,新时代维修中心
广东省深圳市福田区,赛格科技园4栋
广东省深圳市福田区,顶越科技
广东省深圳市福田区,远望销售中心
广东省深圳市福田区,金茂礼都B座
广东省深圳市福田区,赛格科技园3栋
广东省深圳市福田区华强北路,华强北路3012号
广东省深圳市福田区,华新村
广东省深圳市福田区,千星手机网(华强北总店)
广东省深圳市福田区,深圳市福田区曼哈数码广场薛小红电子厂
广东省深圳市福田区,老弄堂老号生煎馆
广东省深圳市福田区,龙胜手机·配件批发中心
广东省深圳市福田区,华强电子世界
广东省深圳市福田区,深圳市盛泽创新设计有限公司
广东省深圳市福田区,华新小区HX24栋
广东省深圳市福田区南园街道,雷圳大厦
广东省深圳市福田区南园街道,福明路
广东省深圳市福田区华发北路,华发北路35号
广东省深圳市福田区华发南路,华发南路35好
广东省深圳市福田区,丰巢快递柜
广东省深圳市福田区南园路,南园路232号
广东省深圳市福田区,南园街道
广东省深圳市福田区,沙埔头
广东省深圳市福田区,沙县小吃(沙铺头分店)
广东省深圳市福田区,锦绣新居
广东省深圳市福田区,雷圳大厦
广东省深圳市福田区,锦囊青年寓
广东省深圳市福田区,中共南华社区综合委员会
广东省深圳市福田区,雄盛AA雄盛外贸有限公司
广东省深圳市福田区,汽车大苑小区
广东省深圳市福田区,金茂礼都A座-南门
广东省深圳市福田区,新世界百货
广东省深圳市福田区金树大街,曼哈数码广场正品行货交易中心
广东省深圳市福田区金树街,曼哈数码广场正品行货交易中心
广东省深圳市福田区,金树大厅
广东省深圳市福田区,桑达电子通讯市场
广东省深圳市福田区南园中路,南园中路173号
广东省深圳市宝安区桂月路,桂月路480
广东省深圳市福田区,上沙中学
广东省深圳市福田区,老板
广东省深圳市福田区,深圳市日月鑫成科技有限公司
广东省深圳市福田区,贝底田坊168号楼
广东省深圳市福田区,明月花园
广东省深圳市福田区,金地翠园
广东省深圳市福田区,雅云轩
广东省深圳市福田区华店路,深圳市日月鑫成科技有限公司
广东省深圳市福田区,皇御苑13栋
广东省深圳市福田区,福保街道
广东省深圳市福田区福明路,福明路40号
广东省深圳市福田区福祥街,福祥街132号
广东省深圳市福田区,福贸花园
广东省深圳市福田区,御河堤
广东省深圳市福田区,群星广场
广东省深圳市福田区,雅米营养餐(景田店)
广东省深圳市福田区,景洲大厦
广东省深圳市福田区,西环路
广东省深圳市福田区,赛格科技园7栋
广东省深圳市福田区,赛格科技园四栋-西座
广东省深圳市福田区,传奇烤吧华新店
广东省深圳市福田区,上步工业区102栋西座-西门
广东省深圳市福田区,上步码头
广东省深圳市福田区,福民路与益田路交叉口
广东省深圳市罗湖区,湖贝新村
广东省深圳市罗湖区东昌路,东昌路78号
广东省深圳市罗湖区,一致春晓苑
广东省深圳市罗湖区,一致春晓苑6栋
广东省深圳市罗湖区,今日家元明清轩
广东省深圳市罗湖区,丰巢快递柜
广东省深圳市罗湖区,施华蔻美发连锁(深圳欧蕾布心三分店)
广东省深圳市罗湖区,宝丰苑
广东省深圳市罗湖区,今日家园
广东省深圳市罗湖区,浩兴电动摩托车
广东省深圳市罗湖区,太白居
广东省深圳市罗湖区,山湖居
广东省深圳市罗湖区,淘金山湖景花园
广东省深圳市罗湖区,罗湖区
广东省深圳市罗湖区,东门街道
广东省深圳市罗湖区,罗湖区东门街道湖贝社区服务中心
广东省深圳市罗湖区,深圳市高峰环球国际货运代理有限公司
广东省深圳市罗湖区,深圳红石影城(东门店)
广东省深圳市罗湖区南湖路,南湖路1009号
广东省深圳市罗湖区,大地花园
广东省深圳市罗湖区,太阳新城
广东省深圳市罗湖区,雍翠华府
广东省深圳市罗湖区,布心彩世界火车票代售点
广东省深圳市罗湖区,布心花园
广东省深圳市罗湖区,布心花园(一区)
广东省深圳市罗湖区,布心花园二区20栋
广东省深圳市罗湖区,布心花园二区
广东省深圳市福田区,德国欧家地板
广东省深圳市罗湖区泥岗东路,泥岗东路1120号
广东省深圳市福田区,深圳成丰电子有限公司
广东省深圳市罗湖区,宝明花园
广东省深圳市罗湖区,湖贝新村14号楼
广东省深圳市福田区,顺丰站点
广东省深圳市罗湖区,青湖山庄
广东省深圳市罗湖区,金稻田公寓
广东省深圳市罗湖区,吓围村2栋
广东省深圳市罗湖区,吓屋村
广东省深圳市罗湖区,农牧小区
广东省深圳市罗湖区,深圳农牧工业区宿舍2栋
广东省深圳市罗湖区金稻田路,金稻田路1192号
广东省深圳市罗湖区,华港新村
广东省深圳市罗湖区,绿景山庄18栋
广东省深圳市罗湖区,深圳市宝骏汽车销售服务有限公司
广东省深圳市罗湖区,水贝珠宝文化产业园黄贝岭公寓
广东省深圳市罗湖区凤凰路,凤凰路121号
广东省深圳市罗湖区,旭飞华达园
广东省深圳市龙华区,同富丽苑
广东省深圳市龙华区,莱蒙·水榭春天
广东省深圳市龙华区,中航天逸
广东省深圳市龙华区,龙胜时代大厦
广东省深圳市龙华区,天虹商场(龙华店-超市)
广东省深圳市龙华区,庙溪一市场
广东省深圳市龙华区,美宜佳(宝龙新村店)
广东省深圳市龙华区,宝华工业区7栋
广东省深圳市龙华区,横岭二区32栋
广东省深圳市龙华区民治大道,民治大道648号
广东省深圳市龙华区,沙元埔(沙元路)
广东省深圳市龙华区,牛栏前大厦
广东省深圳市龙华区,欣欣烘焙
广东省深圳市龙华区,章阁龙庭
广东省深圳市龙华区,清湖村
广东省深圳市龙华区,清湖湾花园A栋
广东省深圳市龙华区,大富路
广东省深圳市龙华区,章阁杜区章阁新村
广东省深圳市龙华区桂月路,桂月路480号
广东省深圳市龙岗区,要你好看
广东省深圳市龙华区,桂花新村-别墅区
广东省深圳市龙华区,桂花园
广东省深圳市龙华区,富士康科技集团
广东省深圳市龙华区,章阁市场
广东省深圳市龙华区,观澜人民医院章阁社区健康服务中心
广东省深圳市龙华区,吉百家百货商场店
广东省深圳市龙华区,郭吓村
广东省深圳市龙华区,展润大厦
广东省深圳市龙华区,城市明珠花园
广东省深圳市龙华区民清路,民清路9号
广东省深圳市龙华区,上吉铺黄焖鸡米饭(西头新村金牌店)
广东省深圳市龙华区,西头新村D区
广东省深圳市龙华区,炭舍cococity店
广东省深圳市龙华区龙观路,龙观路1号
广东省深圳市龙华区,花半里幼儿园
广东省深圳市龙华区,招商澜园
广东省深圳市龙岗区西三巷,西三巷1号
广东省深圳市龙岗区,深圳市龙岗区经济合作促进会
广东省深圳市龙华区,利金城科技工业园
广东省深圳市龙岗区,德福中心
广东省深圳市龙岗区京南路,京南路1号
广东省深圳市龙岗区,坂田集团俱乐部
广东省深圳市龙岗区下围三巷,坂田街道
广东省深圳市龙华区,下围村
广东省深圳市龙岗区,便利店
广东省深圳市龙岗区,天安花园
广东省深圳市龙岗区,泊莱酒店
广东省深圳市龙岗区东五巷,天安花园
广东省深圳市龙岗区,坂田街道
广东省深圳市龙岗区,永裕大厦
广东省深圳市龙岗区环城南路,环城南路5号
广东省深圳市龙岗区竹园街,竹园街36
广东省深圳市龙岗区竹园街,竹园街50
广东省深圳市龙岗区长坑三巷,长坑路东三巷
广东省深圳市龙华区长坑村2巷,深圳市展昌五金塑胶有限公司
广东省深圳市龙岗区,和乐楼
广东省深圳市龙岗区,惠丽莎
广东省深圳市龙岗区金碧路,金碧路246
广东省深圳市龙岗区,大芬桔子坑
广东省深圳市龙岗区,荔枝花园B9栋
广东省深圳市龙岗区,佳和园
广东省深圳市龙岗区百劳坑2巷,天天快递
广东省深圳市龙岗区百劳坑2巷,木棉湾
广东省深圳市龙岗区,中海怡翠学校
广东省深圳市龙岗区,丽湖花园
广东省深圳市龙岗区,新一佳(布吉信义店)
广东省深圳市龙岗区,尚水天成
广东省深圳市龙岗区布龙路,布龙城
广东省深圳市龙岗区布龙路,布龙路
广东省深圳市龙岗区布龙路,布龙城C座
广东省深圳市龙岗区,布龙城C座
广东省深圳市龙岗区木棉路,木棉路33号
广东省深圳市龙岗区,恒升电脑绣艺(深圳)公司
广东省深圳市龙岗区,金宝贝幼儿园
广东省深圳市龙岗区百老坑2巷,天天快递
广东省深圳市龙岗区十六巷,十六巷8号
广东省深圳市龙岗区布龙路,布龙路20号
广东省深圳市龙岗区阜外大街,华联大厦
广东省深圳市龙岗区,新日佳百货
广东省深圳市龙岗区,COCO小姐
广东省深圳市龙岗区,木棉湾
广东省深圳市龙岗区,信义御城
广东省深圳市龙岗区,龙岗区第五人民医院-综合门诊
广东省深圳市龙岗区,龙岗区第二人民医院
广东省深圳市龙岗区东森花园1巷,新屯村
广东省深圳市龙岗区,百富兴大厦
广东省深圳市龙岗区,荔园新村
广东省深圳市龙岗区,雪象园东苑小区
广东省深圳市龙岗区,谢丽花园Z7栋
广东省深圳市龙岗区西四巷,西四巷4号
广东省深圳市龙岗区木棉路,木棉路24号
广东省深圳市龙岗区,公园大地
广东省深圳市龙岗区,公园大地9栋
广东省深圳市龙岗区金碧路,深圳坪山站
广东省深圳市龙岗区,布吉
广东省深圳市龙岗区布龙公路,红星美凯龙(布吉店)
广东省深圳市龙岗区,满庭芳广场
广东省深圳市龙岗区,紫郡
广东省深圳市龙岗区布龙公路,布吉街道
广东省深圳市龙岗区新安路,新安路1号
广东省深圳市龙岗区,万隆苑
广东省深圳市龙岗区,罗岗社区
广东省清远市清城区河街,源潭镇
广东省清远市清城区源新2路,永兴隆商店
广东省清远市清城区源新2路,源潭镇
广东省清远市清城区,永兴隆商店
广东省清远市清城区源新二路,源新二路22
广东省清远市清城区源新二路,源新二路33号
广东省清远市英德市,英城镇人民政府
广东省清远市英德市,何旋商店
浙江省温州市乐清市东城北巷,蒲岐镇
浙江省温州市乐清市镇武东路,镇武东路107号
浙江省温州市洞头区,霓屿社区
浙江省温州市苍南县建兴东路,建兴东路96号
浙江省温州市苍南县建兴东路,建兴东路98号
浙江省温州市苍南县,金茂花园
浙江省温州市苍南县,南垟村
浙江省温州市苍南县,河头村
浙江省温州市苍南县,龙港镇
浙江省温州市苍南县,理发染烫
浙江省温州市苍南县站港大道,站港大道
浙江省温州市鹿城区,下吕浦
浙江省温州市瓯海区,温州市中乔皮业有限公司
浙江省温州市鹿城区,中桥手机配件批发市场
浙江省温州市鹿城区,中侨通信商场
浙江省温州市鹿城区,中侨大楼
浙江省温州市鹿城区,南塘五组团
浙江省温州市鹿城区,南塘住宅区
浙江省温州市鹿城区,南塘村
浙江省温州市鹿城区,墨斗小区
浙江省温州市平阳县青腾北路,青湾村
浙江省温州市鹿城区康源路,康源路123号
浙江省温州市鹿城区,新城大厦
浙江省温州市鹿城区,桥儿头新村
浙江省温州市鹿城区,十足(桥儿头店)
浙江省温州市鹿城区,稻香村
浙江省温州市鹿城区,十足
浙江省温州市鹿城区,老百姓大药房
浙江省温州市鹿城区,桥儿头茶绿组团
浙江省温州市鹿城区,鹿城区
浙江省温州市鹿城区,世界温商发展服务中心
浙江省温州市鹿城区蒲中路,蒲中路111号
浙江省温州市鹿城区龟湖路,龟湖路197弄
浙江省温州市鹿城区,温州王朝大酒店
浙江省温州市鹿城区,中国移动通信百里通信专营店
浙江省温州市鹿城区龟湖路,龟湖小吃龟湖路NO.01
湖南省湘潭市湘乡市,逸家公寓
广东省湛江市吴川市,吴川市
广东省湛江市吴川市,新东方商务大酒店
广东省湛江市吴川市,梅录街道
广东省湛江市吴川市,吴川市第一中学(第二校区)
广东省湛江市吴川市创业路,吴川市第一中学(第二校区)
广东省湛江市吴川市,吴川市环境卫生管理处
广东省湛江市吴川市,邱屋
广东省湛江市坡头区,龙头社区居委会卫生站
广东省湛江市坡头区,坡头区
广东省湛江市坡头区,星洲宾馆
广东省湛江市坡头区,湛江市龙头镇政府
广东省湛江市坡头区龙头路,龙头镇
广东省湛江市坡头区,龙头镇
广东省湛江市廉江市育才路,育才路4号
广东省湛江市廉江市沙岭路,沙岭路74号
广东省湛江市赤坎区,广东海洋大学寸金学院
广东省湛江市遂溪县,文澜上筑小区
广东省湛江市遂溪县,东圩街
广东省湛江市雷州市,调风镇
广东省湛江市雷州市,雷州市雷高镇政府
广东省湛江市霞山区,吉祥公寓
广东省湛江市霞山区,霞山区
广东省湛江市霞山区,湛江万达广场
广东省湛江市赤坎区学智路,学智路
广东省湛江市麻章区,湛江市第二技工学校(新校区)
安徽省滁州市凤阳县,凤阳县道路交通事故快处快赔凤淮路中队服务点
安徽省滁州市凤阳县,陈圩
安徽省滁州市天长市,丰润园
安徽省滁州市天长市万寿路,万寿南路
安徽省滁州市天长市,天一社区(教堂)自行车租赁点
安徽省滁州市天长市,伟业大酒店
安徽省滁州市天长市,乔田
安徽省滁州市天长市,国酒茅台
福建省漳州市云霄县,和平路
福建省漳州市云霄县云漳路,云漳路75号
福建省漳州市云霄县云漳路,云漳路76号
福建省漳州市云霄县江滨路,江滨路79号
福建省漳州市芗城区,榕御
福建省漳州市芗城区,新桥街道
广东省潮州市潮安区,枫溪佘厝内溪埔2号楼
广东省潮州市潮安区,枫一村
广东省潮州市潮安区,祠堂
广东省潮州市湘桥区,潮州大道与城新西路交叉口
广东省潮州市湘桥区道路,永宁门路1幢
广东省潮州市湘桥区兰花三街,兰花三街
广东省潮州市湘桥区,湘桥区
广东省潮州市湘桥区,北门市场
广东省潮州市湘桥区,南春卫生院新土地门诊所
广东省潮州市湘桥区,北门面包
广东省潮州市湘桥区南较西路,南较西路330号
广东省潮州市湘桥区南较西路,南较西路332
广东省潮州市湘桥区南较西路,南较西路
广东省潮州市湘桥区南较路西路,南较路与南较西路交叉口
广东省潮州市湘桥区,春荣路与兰花二街交叉口
广东省潮州市湘桥区西荣路,西荣路
广东省潮州市湘桥区,石板村
广东省潮州市湘桥区,意东三路与中津路交叉口
广东省潮州市湘桥区,春荣路与兰花三街交叉口
广东省潮州市潮安区,潮州市枫一学校
广东省潮州市湘桥区,铁铺镇
广东省潮州市湘桥区,西陇村
广东省潮州市湘桥区,锡华中学
广东省潮州市湘桥区,金朝胜景
广东省潮州市潮安区,枫洋中学
广东省潮州市潮安区,潮州国际陶瓷交易中心
广东省潮州市潮安区彩塘大道,彩塘市头路与新安大道交叉口
广东省潮州市潮安区,潮州市枫溪枫一工业区
广东省潮州市潮安区,OPPO手机(潮安金石大道店)
广东省潮州市潮安区,金石镇
广东省潮州市潮安区尽金大道,金石镇
广东省潮州市潮安区金石大道,金石大道10
广东省潮州市潮安区金石大道,金石大道
广东省潮州市饶平县新兴大道,眼之悦眼镜(新兴大道店)
广东省珠海市金湾区,古春堂(平沙店)
广东省珠海市斗门区,大福购物商场
广东省珠海市金湾区,卓雅陶瓷建材总代理
广东省珠海市金湾区,平沙镇
广东省珠海市金湾区,金皇大酒店
广东省珠海市金湾区,南水市场
广东省珠海市金湾区,洲际豪庭
广东省珠海市金湾区,美平东路
广东省珠海市金湾区美平二街,美平二街
广东省珠海市金湾区,美平市场
广东省珠海市金湾区,珠海市平沙镇美平社区居民委员会
广东省珠海市金湾区,西海岸花园
广东省珠海市金湾区,忠信丽雅苑
广东省珠海市金湾区,和大福平沙购物广场(珠海平沙店)
广东省珠海市金湾区,红旗镇
广东省珠海市金湾区,金城美食
广东省珠海市金湾区,金湾区平沙镇平塘社区
广东省珠海市香洲区夏湾西街,夏湾西街114号
广东省珠海市香洲区夏湾西街,夏湾西街115号
广东省珠海市香洲区夏湾西街,夏湾西街120号
广东省珠海市香洲区夏湾西街,夏湾西街130号
江苏省盐城市射阳县,海河二组
江苏省盐城市射阳县陈川路,海河镇
江苏省盐城市射阳县,海通
四川省眉山市东坡区琼海路,琼海路90号
河北省石家庄市新华区,泓河洗浴
福建省福州市仓山区,中庚国际华府17号楼
福建省福州市仓山区,中庚·国际华府
福建省福州市仓山区,仓山万达广场B1区
福建省福州市仓山区,仓山万达广场
福建省福州市仓山区,华威新西营里农产品交易中心
福建省福州市仓山区盘屿路,盘屿路855号
福建省福州市台江区,茶亭国际
福建省福州市台江区,台江区
福建省福州市台江区国贸路,茶亭国际
福建省福州市台江区,可观黄金(广达店)
福建省福州市台江区,茶亭街道
福建省福州市晋安区,岳峰三台新村
福建省福州市连江县,胖哥沙县小吃(恒宇公馆花园东)
福建省福州市长乐市,南山御景(二区)
福建省福州市长乐区,样样红超市
福建省福州市长乐区,航宾花园
福建省福州市长乐区,西关村
福建省福州市长乐市,吴航街道
福建省福州市鼓楼区华林路,华林路242号
浙江省绍兴市柯桥区,夏履镇建幸社区卫生站
浙江省绍兴市柯桥区,吉祥汽车服务部
浙江省绍兴市柯桥区,中国越王峥登山健身基地
浙江省绍兴市柯桥区,诸暨俞记次坞打面(柯北贸易中心)
浙江省绍兴市柯桥区,富丽华大酒店
浙江省绍兴市柯桥区,蓝天国际影城
浙江省绍兴市诸暨市垦塔路,三角广场
浙江省绍兴市诸暨市垦塔路,沃趣电动车(三角广场店)
浙江省绍兴市诸暨市艮塔路,艮塔路146号
浙江省绍兴市诸暨市,沃趣电动车(三角广场店)
浙江省绍兴市诸暨市艮塔路,艮塔路146-3
浙江省绍兴市越城区中兴中路,中兴中路100号
山东省聊城市阳谷县,阳谷县
山东省聊城市东昌府区,想你
广东省肇庆市四会市高观西路,高观西路6号
广东省肇庆市四会市建设路,建设路1号
广东省肇庆市广宁县,中国移动(永昌通信特约代理点)
广东省肇庆市德庆县,康城大道东
广东省肇庆市德庆县康城大道,康城大道8号
广东省肇庆市怀集县上郭中路五巷,长美茶行
广东省肇庆市怀集县,长美茶行
广东省肇庆市怀集县,客客茶(步行街店)
广东省肇庆市端州区,名城酒楼(人民中店)
广东省肇庆市端州区,广东驾协肇庆分会便民服务点
广东省肇庆市端州区,国民大药房帝和豪庭分店
广东省肇庆市端州区,天鹅堡
广东省肇庆市端州区景泰路13巷,城东街道
广东省肇庆市端州区,永联装饰工程
广东省肇庆市端州区,情轩
广东省肇庆市端州区天宁北路,天宁北路63号
广东省肇庆市端州区,岗尾卫生站
广东省肇庆市端州区,朗晴轩
广东省肇庆市端州区,岗尾大厦
广东省肇庆市端州区,岗尾综合肉菜市场
广东省肇庆市端州区中大道19巷,岗尾
广东省肇庆市端州区,士多店
广东省肇庆市端州区,端州区
广东省肇庆市端州区,岗尾
广东省肇庆市端州区村中大道,端州区振晟贸易有限公司
广东省肇庆市端州区,肇庆市端州区肇易贸易有限公司
广东省肇庆市端州区,城东街道
广东省肇庆市端州区,蓝塘
广东省肇庆市端州区,翠雍华庭
广东省肇庆市端州区,翠雍华庭二期
广东省肇庆市端州区天宁北路,天宁北路23号
广东省肇庆市端州区端州四路,端州四路10号
广东省肇庆市高要区,蔚蓝国际商住中心
安徽省芜湖市弋江区,中央城B区9栋
安徽省芜湖市镜湖区,中共张家山社区委员会
安徽省芜湖市弋江区百劳坑2巷,弋江桥街道
江苏省苏州市吴中区,姥娘麻辣捞烫(光福店)
江苏省苏州市吴中区,双湾花园二期
江苏省苏州市吴中区,山湖一号双湾花园
江苏省苏州市吴中区,阳光水韵
江苏省苏州市吴中区,美韵公寓
江苏省苏州市吴中区,塘湾里
江苏省苏州市虎丘区,百世汇通
江苏省苏州市吴中区,郭巷街道
江苏省苏州市吴中区,中海双湾锦园
江苏省苏州市吴中区青禾路,双湾花园二期
江苏省苏州市吴江区,雪英烟店
江苏省苏州市吴江区,永康路与鲈乡北路交叉口
江苏省苏州市吴江区,邻里广场
江苏省苏州市太仓市,高尔夫鑫城
江苏省苏州市姑苏区,观前街
江苏省苏州市吴中区,翡翠湖公寓
江苏省苏州市吴中区,天地源七里香都
江苏省苏州市昆山市枫景路,枫景路
广东省茂名市电白区人民路,人民路43号
广东省茂名市电白区新风街,新风街152号
广东省茂名市电白区,商业局老鞋店
广东省茂名市电白区,盈翠生态园
广东省茂名市电白区,水东镇
广东省茂名市电白区,沙琅镇中心小学
广东省茂名市电白区,沙琅镇排仔小学
广东省茂名市电白区,沙琅镇
广东省茂名市电白区,沙琅镇文化广场
广东省茂名市电白区,电白沙琅汽车客运站售票处
广东省茂名市电白区,沙琅汽车站
广东省茂名市电白区,电城镇河望小学
广东省茂名市茂南区,中影凤凰影城(人民广场店)
广东省茂名市茂南区光华南路,光华南路189号
广东省茂名市茂南区,康盛名苑
广东省茂名市茂南区油城十路,油城十路1号大院
广东省茂名市茂南区油城十路,豪丰大厦
广东省茂名市电白区油城十路,东汇城
山东省菏泽市单县,马楼村
山东省菏泽市单县,终兴镇
山东省菏泽市曹县,顺丰速运
山东省菏泽市曹县,安蔡楼镇
安徽省蚌埠市蚌山区东海大道,东海大道4399号
安徽省蚌埠市龙子湖区,地委厨具
安徽省蚌埠市龙子湖区,天龙花甲
安徽省蚌埠市龙子湖区,鄂东发屋
安徽省蚌埠市龙子湖区,兰州拉面
安徽省蚌埠市龙子湖区,交通三巷步行街
安徽省蚌埠市龙子湖区,蚌埠市林泰阁道路工程有限公司
安徽省蚌埠市龙子湖区,蚌埠市龙子湖区地委宿舍社区居民委员会
安徽省蚌埠市龙子湖区,地委宿舍诊所
安徽省蚌埠市龙子湖区,中共地委宿舍社区总支委员会
安徽省蚌埠市龙子湖区,棒棒糖童装
安徽省蚌埠市龙子湖区,地委宿舍社区
湖南省衡阳市衡南县,松江乡月堡完小
浙江省衢州市开化县,杨林镇
浙江省衢州市柯城区,柯城区
湖北省襄阳市樊城区拉美步行街,拉美步行街
湖北省襄阳市樊城区拉美步行街,拉美步行街4号楼
湖北省襄阳市樊城区,大庆西路与人民路交叉口
青海省西宁市湟中县,小贾农副食超市
陕西省西安市临潼区陕鼓大道,陕鼓大道48号
陕西省西安市新城区西一路,海星智能广场
陕西省西安市新城区,海星智能广场
陕西省西安市新城区,中人通信(尚朴路店)
陕西省西安市新城区峰,海星智能广场
陕西省西安市新城区,光辉巷
陕西省西安市新城区,新民街
陕西省西安市新城区,城品·居
陕西省西安市新城区,西新街
陕西省西安市新城区新民街,新民街31号
陕西省西安市新城区新民街,新民街38号
陕西省西安市新城区新民街,新民街69
陕西省西安市新城区新民街,西安鸿君靓号行
陕西省西安市未央区新民街,中国建设银行(未央路)
陕西省西安市新城区,新民餐厅
陕西省西安市新城区,海信
陕西省西安市雁塔区,海星城市广场
陕西省西安市新城区,海鑫电子
陕西省西安市新城区,皇城西路
陕西省西安市新城区皇城西路,皇城西路
陕西省西安市新城区,中国电信(西华门营业厅)
陕西省西安市新城区,爱尚潮包
陕西省西安市新城区北大街,北大街
陕西省西安市新城区,西安市星耀通讯器材有限公司
陕西省西安市新城区,西北国际茶城
陕西省西安市新城区,西华通信大厦
陕西省西安市新城区新闽街,迪信通(西华门店)
陕西省西安市新城区杨旭区峰18991大道,海星智能广场
陕西省西安市新城区,薡茶(西华门店)
陕西省西安市新城区解放路,解放路186号
陕西省西安市碑林区,轻工市场
陕西省西安市新城区长乐中路,长乐中路107号
陕西省西安市莲湖区,sunhome小儿推拿店
陕西省西安市新城区北大街,北大街2号
陕西省西安市新城区金花北路,金花北路169号
陕西省西安市未央区,凯嘉时代华城
陕西省西安市未央区三桥街道,三桥街道
陕西省西安市未央区三桥街道,双拥路
陕西省西安市未央区,万象城
陕西省西安市未央区,三桥安置新村
陕西省西安市未央区,时代华城嘉汇华庭
陕西省西安市未央区双拥路,双拥路
陕西省西安市未央区,双拥路
陕西省西安市未央区,三桥镇住宅小区
陕西省西安市未央区,凤凰城
陕西省西安市未央区,凤凰英语
陕西省西安市未央区,三桥街道
陕西省西安市未央区,李记搅团(三桥店)
陕西省西安市未央区凤城九路,凤城九路51号
陕西省西安市未央区,海博广场
陕西省西安市未央区,西安近大明宫遗址公园龙首原地铁口新装三居室普通公寓
陕西省西安市未央区,幸福家园
陕西省西安市未央区,中国邮政储蓄银行西安市武警工程学院营业所
陕西省西安市未央区,御府花园
陕西省西安市未央区,三桥镇
陕西省西安市未央区,先锋花园
陕西省西安市未央区,大明宫国家遗址公园-神武军
陕西省西安市未央区,公园壹品
陕西省西安市未央区,大明宫街道
陕西省西安市未央区,物资大厦
陕西省西安市未央区,御府花园7栋
陕西省西安市未央区,西安锦园新世纪花园社区
陕西省西安市未央区,市政·馨苑
陕西省西安市未央区,宏林名苑
陕西省西安市未央区,果粒城浩丰公司
陕西省西安市未央区,盛龙广场
陕西省西安市未央区龙首商业街南排,张家堡街道
陕西省西安市未央区,邮政住宅小区
陕西省西安市未央区,新房村
陕西省西安市未央区,西安市未央区辛家庙街道新房村村民委员会
陕西省西安市未央区未央路,未央路33号
陕西省西安市未央区,印象城购物中心
陕西省西安市未央区,老三届·首座大厦
陕西省西安市未央区,中国邮政(武警学院邮政所)
陕西省西安市未央区,海荣名城
陕西省西安市未央区,海荣名城二期
陕西省西安市未央区,爱菊欣园
陕西省西安市未央区二府庄路,二府庄路
陕西省西安市未央区,西安金翅鸟装饰设计工程有限公司
陕西省西安市未央区,玄武花园小区16号楼
陕西省西安市未央区,纬二十九街住宅小区
陕西省西安市未央区,枣园村
陕西省西安市未央区未央路,未央路98号
陕西省西安市未央区,广丰花园
陕西省西安市未央区,西咸万象城
陕西省西安市灞桥区,东方罗马花园
陕西省西安市碑林区,和平路与清莲巷交叉口
陕西省西安市碑林区青莲巷,青莲巷1号院
陕西省西安市碑林区,铁路局家属院
陕西省西安市莲湖区,儿童公园
陕西省西安市雁塔区大寨路,华府·新桃园
陕西省西安市莲湖区,陕西天正朱宏路机电市场
陕西省西安市莲湖区,通济花园
陕西省西安市莲湖区早慈巷,早慈巷19号
陕西省西安市莲湖区,早慈巷小区19号楼
陕西省西安市莲湖区星火路,星火路107号
陕西省西安市莲湖区,西关佳苑
陕西省西安市莲湖区,西关街道
陕西省西安市莲湖区,金辉·天鹅湾
陕西省西安市莲湖区,亚特小区
陕西省西安市莲湖区,商店
陕西省西安市莲湖区桃园路街道,桃园路街道
陕西省西安市莲湖区,西安市莲湖区人民政府
陕西省西安市莲湖区东举院巷,东举院巷32
陕西省西安市莲湖区,劳动村社区
陕西省西安市莲湖区,中菲香槟城
陕西省西安市莲湖区,龙湖水晶郦城
陕西省西安市莲湖区东举院巷,东举院巷12号
陕西省西安市莲湖区东举院巷,东举院巷31号
陕西省西安市莲湖区早慈巷,早慈巷29号
陕西省西安市莲湖区东举院巷,东举院巷21号
陕西省西安市莲湖区东举院巷,东举院巷39号
陕西省西安市长安区,申店新村
陕西省西安市长安区,西韦乐园新村
陕西省西安市碑林区,李家村
陕西省西安市雁塔区,石桥欣苑3号楼
陕西省西安市雁塔区电子二路,电子二路61a号
河南省许昌市长葛市,香格里拉
贵州省贵阳市云岩区中华中路,中华中路98号
贵州省贵阳市南明区醒狮路,醒狮路35号
贵州省贵阳市南明区科学路,科学路13号
贵州省贵阳市南明区,晓红饭庄
江西省赣州市章贡区八一四大道,八一四大道72号
江西省赣州市章贡区,赣南贸易广场
江西省赣州市章贡区,赣南大学城文化广场
江西省赣州市章贡区长征大道,长征大道31号
四川省达州市大竹县,巴巴嘴
山西省运城市万荣县,夏威夷港湾
山西省运城市盐湖区,福同惠(西街店)
山西省运城市盐湖区,那个网吧(槐中路店)
山西省运城市盐湖区,福同惠(总店)
山西省运城市盐湖区,福同惠鸿利达烟酒副食
江苏省连云港市海州区,华联通讯城
江苏省连云港市海州区,沃德通讯科技
江苏省连云港市海州区,海州区
江苏省连云港市海州区,新海手机城
江苏省连云港市海州区,茗泰花园
江苏省连云港市海州区通灌北路,通灌北路55-4号
江苏省连云港市海州区,连云港市公安局交通巡逻警察支队新浦一大队道路交通事故处理服务中心
江苏省连云港市海州区,美食广场
江苏省连云港市海州区,周大福珠宝金行(苏宁广场珠宝专营店)
内蒙古自治区通辽市科尔沁左翼中旗,科左中旗腰林毛都镇畜牧兽医工作站
贵州省遵义市汇川区,唯一国际
贵州省遵义市红花岗区,百货大楼
贵州省遵义市红花岗区北京路,北京路36号
河北省邢台市桥西区,时代科技广场
河北省邢台市桥西区,时代华庭
河北省邢台市桥西区,桥西区
河北省邢台市桥西区,时代广场住宅小区
河北省邯郸市丛台区,鑫岭大厦
河北省邯郸市丛台区,鑫岭大厦A座
河北省邯郸市曲周县,曲周镇
河北省邯郸市曲周县,万和世家
河北省邯郸市曲周县,曲周县保芝堂中医门诊
河北省邯郸市曲周县南开街,南开街1号
河北省邯郸市丛台区,同仁花园
河南省郑州市二七区,七一三所家属院超市
河南省郑州市管城回族区,通讯·新天地
河南省郑州市二七区庆丰街,庆丰街
河南省郑州市二七区交通路,交通路15号
河南省郑州市二七区交通路,交通路56号
河南省郑州市二七区交通路,交通路7
河南省郑州市二七区庆丰街,庆丰街27号
河南省郑州市二七区庆丰街,庆丰街4b34
河南省郑州市二七区庆丰街,新疆大盘鸡
河南省郑州市二七区,沙县小吃
河南省郑州市二七区政通路,政通路7号
河南省郑州市二七区铁英街,铁英街45
河南省郑州市二七区铁英街,铁英街62
河南省郑州市二七区,二马路与解放路交叉口
河南省郑州市二七区陇海路,陇海路126号
河南省郑州市中原区,马寨镇
河南省郑州市二七区和睦路,和睦路
河南省郑州市二七区,和睦路
河南省郑州市二七区和睦路,二七区马寨镇坟上村卫生所
河南省郑州市二七区,河南建筑职业技术学院
河南省郑州市二七区,顺丰速运
河南省郑州市二七区,诚信超市(交通新苑社区东南)
河南省郑州市管城回族区东三马路,东三马路152号
河南省郑州市管城回族区,中岳秀峰市场
河南省郑州市管城回族区,金鼎华府
河南省郑州市管城回族区,东大街街道
河南省郑州市管城回族区,郑州新天地
河南省郑州市管城回族区,金谷渔粉擀面皮
河南省郑州市管城回族区,新天地社区
河南省郑州市管城回族区,森氏饮品(火车站店)
河南省郑州市管城回族区,河西村
河南省郑州市管城回族区,南关街道
河南省郑州市管城回族区陇海东路,陇海东路126号
河南省郑州市管城回族区,陇海东路
河南省郑州市管城回族区,新天地通讯大厦
河南省郑州市管城回族区,美容美发
河南省郑州市管城回族区,郑州君王三(四)轮车配件商行
河南省郑州市管城回族区,幸福港湾A区
河南省郑州市管城回族区,幸福港湾
河南省郑州市管城回族区,山西油酥烧饼(正商·幸福港湾A区东南)
河南省郑州市管城回族区大同路,大同路138号
河南省郑州市管城回族区,正商佳仕阁
河南省郑州市管城回族区,东三马路小学
河南省郑州市管城回族区东三马路,蓝钻台球俱乐部
河南省郑州市管城回族区东三马路,城南路与南关街交叉口
河南省郑州市管城回族区,阿姨奶茶专卖(新世界店)
河南省郑州市管城回族区,东海小吃店
河南省郑州市管城回族区,城南路与南关街交叉口
河南省郑州市管城回族区,新天地居委会
河南省郑州市二七区政通路,帝一美发
河南省郑州市管城回族区东三马路,东三马路21号
河南省郑州市管城回族区,弓庄新村
河南省郑州市金水区,郑州人民医院
河南省郑州市管城回族区,熊儿河桥
河南省郑州市管城回族区,天天超市
河南省郑州市管城回族区,水果蔬菜
河南省郑州市管城回族区,天鹰美容用品销售中心
河南省郑州市管城回族区陇海路,陇海路126号
河南省郑州市管城回族区,银兴悠客广场
河南省郑州市金水区,河南科技市场数码港
河南省郑州市金水区,洪云科技
河南省郑州市金水区,北晨公寓B座-北门
湖北省鄂州市鄂城区祝家湾路,祝家湾路2号
重庆市重庆市九龙坡区石杨路,石杨路2号
重庆市重庆市大渡口区钢花路,钢花路27号
重庆市重庆市大渡口区松青路,松青路1029号
重庆市重庆市大渡口区,云岭天城
重庆市重庆市大渡口区,新山村
重庆市重庆市江北区,闽家茗茶
重庆市重庆市江北区,鼎辉茶业
重庆市重庆市渝中区,平安国际金融中心
重庆市重庆市江北区建新东路,平安·摩卡城市
重庆市重庆市江北区,平安·摩卡城市
重庆市重庆市江北区步行街,邦兴·北都
重庆市重庆市江北区,建新东路
重庆市重庆市沙坪坝区,富力城河畔里
重庆市重庆市沙坪坝区,富力城繁华里
重庆市重庆市沙坪坝区,西永
重庆市重庆市沙坪坝区,西永镇人民政府
重庆市重庆市渝中区,中安国际大厦
重庆市重庆市渝中区,嘉华鑫城
重庆市重庆市渝北区渝航路,渝航路33号
重庆市重庆市綦江区,顶尊
浙江省金华市义乌市,国际商贸城(二区)
广西壮族自治区钦州市钦南区,天和府邸
广西壮族自治区钦州市钦北区,皇庭·御珑湾
广西壮族自治区钦州市钦北区,钦州公共自行车皇庭御龙湾B站
广西壮族自治区钦州市钦北区,贵发青年公寓
广西壮族自治区钦州市钦北区,雄泰·香缇丽景
广西壮族自治区钦州市钦南区,钦州金泰精密制造有限公司
广西壮族自治区钦州市钦北区,钦州市钦盾安防服务有限公司
广西壮族自治区钦州市钦南区南珠西大街,南珠西大街45号
广西壮族自治区钦州市钦南区,东岸阳光
广西壮族自治区钦州市钦北区,鸿亭街道
广西壮族自治区钦州市钦南区,南珠大厦
辽宁省铁岭市开原市,开原市汽车客运站
宁夏回族自治区银川市金凤区,东方尚都
江苏省镇江市丹徒区,炫星数码(宝龙广场)
江苏省镇江市京口区滨水路,滨水路6号
江苏省镇江市润州区,love city
湖南省长沙市岳麓区,东塘安置小区
湖南省长沙市岳麓区,格林星城
湖南省长沙市岳麓区,东塘村
湖南省长沙市浏阳市,汽车队小区
湖南省长沙市浏阳市金沙中路,金沙中路26号
湖南省长沙市浏阳市,金沙中路与金沙中路三巷交叉口
湖南省长沙市芙蓉区,中天国际通讯广场
湖南省长沙市芙蓉区,长沙华海3C七楼客房部
湖南省长沙市芙蓉区五一路,五一路766号
湖南省长沙市芙蓉区,同鑫家园
湖南省长沙市长沙县,中南汽车世界
湖南省长沙市长沙县时钟路,中南汽车世界
湖南省长沙市长沙县,高翔电动汽车
湖南省长沙市长沙县,七分煲煲仔饭中南店
湖南省长沙市长沙县,吉利·知豆城市微行纯电动车长沙旗舰店
湖南省长沙市长沙县,知豆
湖南省长沙市长沙县,水渡河
湖南省长沙市长沙县,板仓中路与凉塘路交叉口
安徽省阜阳市颍东区,冉庙乡
广西壮族自治区防城港市港口区,阳江小区
山东省青岛市城阳区兴阳路,兴阳路702号
山东省青岛市市南区南京路,南京路3号
山东省青岛市李沧区京口路,李村
山东省青岛市李沧区书院路,书院路22-42号
山东省青岛市李沧区京口路,京口路
山东省青岛市黄岛区,黄岛区
山东省青岛市黄岛区长江中路,长江中路308号
辽宁省鞍山市铁东区东山街,东山街30号
辽宁省鞍山市铁西区人民路,人民路75号
广东省韶关市浈江区,韶关市粤辉日用品批发市场
安徽省马鞍山市和县,和县历阳镇第三小学
安徽省马鞍山市和县天目西路,历阳镇
安徽省马鞍山市和县,欢乐购物超市
安徽省马鞍山市和县,新城佳苑
安徽省马鞍山市和县,富贵苑
安徽省马鞍山市和县,历阳镇
安徽省马鞍山市和县文昌中路,文昌中路228号
安徽省马鞍山市当涂县提署西路,提署西路1号
安徽省马鞍山市花山区,欣明国际
安徽省马鞍山市雨山区,粮食大厦
安徽省马鞍山市雨山区,雨山区
湖北省黄冈市麻城市,麻城广场
黑龙江省黑河市爱辉区,花园街道
黑龙江省齐齐哈尔市碾子山区,自助水饺
福建省龙岩市新罗区,晟龙花园二期
福建省龙岩市新罗区闽大路,闽大路8号
福建省龙岩市新罗区,闽西职业技术学院
福建省龙岩市新罗区龙川西路,龙川西路33号
