addr_area,main_addr,value
addr_area,main_addr,value
addr_area,main_addr,value
addr_area,main_addr,value
addr_area,main_addr,value
addr_area,main_addr,value
addr_area,main_addr,value
addr_area,main_addr,value
addr_area,main_addr,value
addr_area,main_addr,value
addr_area,main_addr,value
addr_area,main_addr,value
addr_area,main_addr,value
addr_area,main_addr,value
addr_area,main_addr,value
addr_area,main_addr,value
addr_area,main_addr,value
addr_area,main_addr,value
addr_area,main_addr,value
addr_area,main_addr,value
addr_area,main_addr,value
addr_area,main_addr,value
addr_area,main_addr,value
addr_area,main_addr,value
addr_area,main_addr,value
addr_area,main_addr,value
addr_area,main_addr,value
addr_area,main_addr,value
addr_area,main_addr,value
addr_area,main_addr,value
addr_area,main_addr,value
addr_area,main_addr,value
addr_area,main_addr,value
addr_area,main_addr,value
addr_area,main_addr,value
addr_area,main_addr,value
addr_area,main_addr,value
addr_area,main_addr,value
addr_area,main_addr,value
addr_area,main_addr,value
addr_area,main_addr,value
addr_area,main_addr,value
addr_area,main_addr,value
addr_area,main_addr,value
addr_area,main_addr,value
addr_area,main_addr,value
addr_area,main_addr,value
addr_area,main_addr,value
addr_area,main_addr,value
addr_area,main_addr,value
addr_area,main_addr,value
addr_area,main_addr,value
addr_area,main_addr,value
addr_area,main_addr,value
addr_area,main_addr,value
addr_area,main_addr,value
addr_area,main_addr,value
addr_area,main_addr,value
addr_area,main_addr,value
addr_area,main_addr,value
addr_area,main_addr,value
addr_area,main_addr,value
addr_area,main_addr,value
addr_area,main_addr,value
addr_area,main_addr,value
addr_area,main_addr,value
addr_area,main_addr,value
addr_area,main_addr,value
addr_area,main_addr,value
addr_area,main_addr,value
addr_area,main_addr,value
addr_area,main_addr,value
addr_area,main_addr,value
addr_area,main_addr,value
addr_area,main_addr,value
addr_area,main_addr,value
addr_area,main_addr,value
addr_area,main_addr,value
addr_area,main_addr,value
addr_area,main_addr,value
addr_area,main_addr,value
addr_area,main_addr,value
addr_area,main_addr,value
addr_area,main_addr,value
addr_area,main_addr,value
addr_area,main_addr,value
addr_area,main_addr,value
addr_area,main_addr,value
addr_area,main_addr,value
addr_area,main_addr,value
addr_area,main_addr,value
addr_area,main_addr,value
addr_area,main_addr,value
addr_area,main_addr,value
addr_area,main_addr,value
addr_area,main_addr,value
addr_area,main_addr,value
addr_area,main_addr,value
addr_area,main_addr,value
addr_area,main_addr,value
addr_area,main_addr,value
addr_area,main_addr,value
addr_area,main_addr,value
addr_area,main_addr,value
addr_area,main_addr,value
addr_area,main_addr,value
addr_area,main_addr,value
addr_area,main_addr,value
addr_area,main_addr,value
addr_area,main_addr,value
addr_area,main_addr,value
addr_area,main_addr,value
addr_area,main_addr,value
addr_area,main_addr,value
addr_area,main_addr,value
addr_area,main_addr,value
addr_area,main_addr,value
addr_area,main_addr,value
addr_area,main_addr,value
addr_area,main_addr,value
addr_area,main_addr,value
addr_area,main_addr,value
addr_area,main_addr,value
addr_area,main_addr,value
addr_area,main_addr,value
addr_area,main_addr,value
addr_area,main_addr,value
addr_area,main_addr,value
addr_area,main_addr,value
addr_area,main_addr,value
addr_area,main_addr,value
addr_area,main_addr,value
addr_area,main_addr,value
addr_area,main_addr,value
addr_area,main_addr,value
addr_area,main_addr,value
addr_area,main_addr,value
addr_area,main_addr,value
addr_area,main_addr,value
addr_area,main_addr,value
addr_area,main_addr,value
addr_area,main_addr,value
addr_area,main_addr,value
addr_area,main_addr,value
addr_area,main_addr,value
addr_area,main_addr,value
addr_area,main_addr,value
addr_area,main_addr,value
addr_area,main_addr,value
addr_area,main_addr,value
addr_area,main_addr,value
addr_area,main_addr,value
addr_area,main_addr,value
addr_area,main_addr,value
addr_area,main_addr,value
addr_area,main_addr,value
addr_area,main_addr,value
addr_area,main_addr,value
addr_area,main_addr,value
addr_area,main_addr,value
addr_area,main_addr,value
addr_area,main_addr,value
addr_area,main_addr,value
addr_area,main_addr,value
addr_area,main_addr,value
addr_area,main_addr,value
addr_area,main_addr,value
addr_area,main_addr,value
addr_area,main_addr,value
addr_area,main_addr,value
addr_area,main_addr,value
addr_area,main_addr,value
addr_area,main_addr,value
addr_area,main_addr,value
addr_area,main_addr,value
addr_area,main_addr,value
addr_area,main_addr,value
addr_area,main_addr,value
addr_area,main_addr,value
addr_area,main_addr,value
addr_area,main_addr,value
addr_area,main_addr,value
addr_area,main_addr,value
addr_area,main_addr,value
addr_area,main_addr,value
addr_area,main_addr,value
addr_area,main_addr,value
addr_area,main_addr,value
addr_area,main_addr,value
addr_area,main_addr,value
addr_area,main_addr,value
addr_area,main_addr,value
addr_area,main_addr,value
addr_area,main_addr,value
addr_area,main_addr,value
addr_area,main_addr,value
addr_area,main_addr,value
addr_area,main_addr,value
addr_area,main_addr,value
addr_area,main_addr,value
addr_area,main_addr,value
addr_area,main_addr,value
addr_area,main_addr,value
addr_area,main_addr,value
addr_area,main_addr,value
addr_area,main_addr,value
addr_area,main_addr,value
addr_area,main_addr,value
addr_area,main_addr,value
addr_area,main_addr,value
addr_area,main_addr,value
addr_area,main_addr,value
addr_area,main_addr,value
addr_area,main_addr,value
addr_area,main_addr,value
addr_area,main_addr,value
addr_area,main_addr,value
addr_area,main_addr,value
addr_area,main_addr,value
addr_area,main_addr,value
addr_area,main_addr,value
addr_area,main_addr,value
addr_area,main_addr,value
addr_area,main_addr,value
addr_area,main_addr,value
addr_area,main_addr,value
addr_area,main_addr,value
addr_area,main_addr,value
addr_area,main_addr,value
addr_area,main_addr,value
addr_area,main_addr,value
addr_area,main_addr,value
addr_area,main_addr,value
addr_area,main_addr,value
addr_area,main_addr,value
addr_area,main_addr,value
addr_area,main_addr,value
addr_area,main_addr,value
addr_area,main_addr,value
addr_area,main_addr,value
addr_area,main_addr,value
addr_area,main_addr,value
addr_area,main_addr,value
addr_area,main_addr,value
addr_area,main_addr,value
addr_area,main_addr,value
addr_area,main_addr,value
addr_area,main_addr,value
addr_area,main_addr,value
addr_area,main_addr,value
addr_area,main_addr,value
addr_area,main_addr,value
addr_area,main_addr,value
addr_area,main_addr,value
addr_area,main_addr,value
addr_area,main_addr,value
addr_area,main_addr,value
addr_area,main_addr,value
addr_area,main_addr,value
addr_area,main_addr,value
addr_area,main_addr,value
addr_area,main_addr,value
addr_area,main_addr,value
addr_area,main_addr,value
addr_area,main_addr,value
addr_area,main_addr,value
addr_area,main_addr,value
addr_area,main_addr,value
addr_area,main_addr,value
addr_area,main_addr,value
addr_area,main_addr,value
addr_area,main_addr,value
addr_area,main_addr,value
addr_area,main_addr,value
addr_area,main_addr,value
addr_area,main_addr,value
addr_area,main_addr,value
addr_area,main_addr,value
addr_area,main_addr,value
addr_area,main_addr,value
addr_area,main_addr,value
addr_area,main_addr,value
addr_area,main_addr,value
addr_area,main_addr,value
addr_area,main_addr,value
addr_area,main_addr,value
addr_area,main_addr,value
addr_area,main_addr,value
addr_area,main_addr,value
addr_area,main_addr,value
addr_area,main_addr,value
addr_area,main_addr,value
addr_area,main_addr,value
addr_area,main_addr,value
addr_area,main_addr,value
addr_area,main_addr,value
addr_area,main_addr,value
addr_area,main_addr,value
addr_area,main_addr,value
addr_area,main_addr,value
addr_area,main_addr,value
addr_area,main_addr,value
addr_area,main_addr,value
addr_area,main_addr,value
addr_area,main_addr,value
addr_area,main_addr,value
addr_area,main_addr,value
addr_area,main_addr,value
addr_area,main_addr,value
addr_area,main_addr,value
addr_area,main_addr,value
addr_area,main_addr,value
addr_area,main_addr,value
addr_area,main_addr,value
addr_area,main_addr,value
addr_area,main_addr,value
addr_area,main_addr,value
addr_area,main_addr,value
addr_area,main_addr,value
addr_area,main_addr,value
addr_area,main_addr,value
addr_area,main_addr,value
addr_area,main_addr,value
addr_area,main_addr,value
addr_area,main_addr,value
addr_area,main_addr,value
addr_area,main_addr,value
addr_area,main_addr,value
addr_area,main_addr,value
addr_area,main_addr,value
addr_area,main_addr,value
addr_area,main_addr,value
addr_area,main_addr,value
addr_area,main_addr,value
addr_area,main_addr,value
addr_area,main_addr,value
addr_area,main_addr,value
addr_area,main_addr,value
addr_area,main_addr,value
addr_area,main_addr,value
addr_area,main_addr,value
addr_area,main_addr,value
addr_area,main_addr,value
addr_area,main_addr,value
addr_area,main_addr,value
addr_area,main_addr,value
addr_area,main_addr,value
addr_area,main_addr,value
addr_area,main_addr,value
addr_area,main_addr,value
addr_area,main_addr,value
addr_area,main_addr,value
addr_area,main_addr,value
addr_area,main_addr,value
addr_area,main_addr,value
addr_area,main_addr,value
addr_area,main_addr,value
addr_area,main_addr,value
addr_area,main_addr,value
addr_area,main_addr,value
addr_area,main_addr,value
addr_area,main_addr,value
addr_area,main_addr,value
addr_area,main_addr,value
addr_area,main_addr,value
addr_area,main_addr,value
addr_area,main_addr,value
addr_area,main_addr,value
addr_area,main_addr,value
addr_area,main_addr,value
addr_area,main_addr,value
addr_area,main_addr,value
addr_area,main_addr,value
addr_area,main_addr,value
addr_area,main_addr,value
addr_area,main_addr,value
addr_area,main_addr,value
addr_area,main_addr,value
addr_area,main_addr,value
addr_area,main_addr,value
addr_area,main_addr,value
addr_area,main_addr,value
addr_area,main_addr,value
addr_area,main_addr,value
addr_area,main_addr,value
addr_area,main_addr,value
addr_area,main_addr,value
addr_area,main_addr,value
addr_area,main_addr,value
addr_area,main_addr,value
addr_area,main_addr,value
addr_area,main_addr,value
addr_area,main_addr,value
addr_area,main_addr,value
addr_area,main_addr,value
addr_area,main_addr,value
addr_area,main_addr,value
addr_area,main_addr,value
addr_area,main_addr,value
